address	kind
004020e1	call
00402117	call
00402ac4	call
0040380c	call
00403cb1	call
0040533a	call
0040a06a	call
00411884	call
0041192f	call
00411d84	call
00411e2f	call
0041224b	call
004122f6	call
00412712	call
004127bd	call
00412be2	call
00412c8d	call
00413093	call
00413131	call
00413950	call
00413d6f	call
00413e1a	call
004145af	call
0041465a	call
00414b3c	call
00414be7	call
0041852b	call
00418974	call
004190b6	call
0041a020	call
0041cdc6	call
0041ce6c	call
00431478	call
00431503	call
004315e0	call
0043163c	call
004316d3	call
00431708	call
0043173d	call
00431772	call
004317a7	call
004317db	call
0043180f	call
0043189e	call
0043195d	call
00431a54	call
0043a373	call
004af8f6	call
004ddb3c	call
004e07cd	call
004e0d38	call
004e0f4d	call
004ee0f1	call
00503171	call
00504164	call
005043a7	call
00511b8e	call
005183c9	call
005199a1	call
00524d61	call
005789e4	call
005d9098	call
005d98ef	call
0064a97e	call
0064add4	call
00652711	call
006e79c0	call
006e7a20	call
006e7abe	call
006e7bce	call
006e88c1	call
006e899d	call
006e8a61	call
006e8cd6	call
006e8d58	call
006e8e68	call
006e8ef5	call
006e8f50	call
006e9fa7	call
006e9fe8	call
006ee912	call
006ee9ee	call
006eeaca	call
006eeb8e	call
006eec52	call
006eed16	call
006eedf2	call
006eeece	call
006eef9d	call
006ef06c	call
006ef130	call
006ef1f4	call
006ef2b8	call
006f216a	call
006f222e	call
006f230a	call
006f23e6	call
006f24b5	call
006f2584	call
006f2648	call
006f270c	call
006f3693	function
006f3e38	call
006f3e5e	call
006f5858	call
006f5d7b	call
006f8cd6	function
006f8d84	call
006fae23	call
006fae79	call
0070225c	call
00704369	call
