function	site	targets
0040d460	0040d491	0040d498,0040d4ad,0040d4c5,0040d4d3,0040d593
0040d770	0040d7a9	0040d7b0,0040d7bd,0040d7ca,0040d7d7,0040d7e4,0040d7f5
0041c4a0	0041c4b2	0041c4b9,0041c4c2,0041c4cb,0041c4d4
0041ce80	0041ce8a	0041ce91,0041ce9a,0041cea3,0041ceac
004240e0	00424240	00424247,00424279,004242a8,004242d7
00425390	004258e8	004258ef,00425920,0042594e,0042597c
00425390	004259bd	004259c4,004259f5,00425a26,00425a57,00425a85
00442030	00442056	00442072,0044207c
00454a80	00454b2b	00454b32,00454b47,00454b57,00454b67,00454b87,00454ba7
00454c60	00454d0b	00454d12,00454d2d,00454d4d,00454d6d
00454f70	00455019	00455020,0045503e,0045505c,00455071,00455086,004550a6,004550c6
004586f0	004587b9	004587c0,0045885c,004588bc
0045a1c0	0045a1cc	0045a1d3,0045a20a,0045a223,0045a23c,0045a255,0045a26e,0045a2e3
0045ade0	0045ae16	0045ae1d,0045af3f,0045b0fe,0045b21c,0045b37c
0045d810	0045d84a	0045d851,0045d89b,0045d8ac,0045e057
0045d810	0045d930	0045d937,0045dc44
004655f0	00465637	0046563e,00465704,004657e2,004658b5,00465996,004659ab,004659c0,00465a5e,00465ade,00465ae7
00471c20	00471d23	00471d2a,00471d52,00471d74,00471d97
00474bd0	00474c0b	00474c12,00474c1c,00474c56,00474c79,00474c96,00474cb3,00474ce4
00474d70	00474dc5	00474dcc,00474dd6,00474de0,00474dea,00474dfd,00474e16,00474e29,00474e47,00474e65,00474e6c,00474e76,00474e7d
00478b40	00478b9d	00478ba4,00478c17,00478c92
0047cf70	0047d069	0047d070,0047db48,0047df97,0047e5b4,0047eaba,0047f1d0
0047cf70	0047d707	0047d70e,0047d715,0047d71f,0047d729,0047d733,0047d73d,0047d747,0047d751,0047d75b,0047d765,0047d76f,0047d779,0047d783,0047d78d,0047d797,0047d7a1,0047d7ab,0047d7b5,0047d7bf,0047d7c9,0047d7d3,0047d7dd,0047d7e7,0047d7f1,0047d7fb,0047d805,0047d80f,0047d819,0047d823,0047d82d,0047d837,0047d841,0047d84b,0047d855,0047d85f,0047d869,0047d873,0047d87d,0047d887,0047d891,0047d89b,0047d8a2,0047d8a9,0047d8b0,0047d8b7,0047d8be,0047d8c5,0047d8cc,0047d8d3,0047d8da,0047d8e1,0047d8e8,0047d8ef,0047d8f6,0047d8fd,0047d904,0047d90b,0047d912,0047d919
0047cf70	0047dce8	0047dcef,0047dd00,0047dd0e,0047dd15,0047dd29,0047dd37,0047dd41,0047dd55,0047dd63,0047dd6d,0047dd81,0047dd8f,0047dd99,0047ddad,0047ddbb,0047ddc2,0047ddd3,0047dde1,0047dde8,0047ddef,0047ddf6,0047ddfd,0047de04,0047de0b,0047de12,0047de19,0047de20,0047de27,0047de2e
004808b0	004808d9	004808e0,004808e8,004808f0,004808f8,00480900,00480908,00480910,00480918,00480921
00484160	00484367	0048436e,004843a8,004843c9,004843fa
004849c0	00484a61	00484a68,00484aef,00484b76,00484bfd,00484c84
00484de0	00484e1b	00484e22,00484e34,00484e48,00484e52,00485067
004850d0	00485132	00485139,00485159,00485179,00485199,004851b6,004851d3,004851f0,0048520d,00485243,00485268,00485279,0048528a,0048529b,004852ac,004852bd,004852c8,004852d3,004852ef
0048b2d0	0048b2e3	0048b2ea,0048b2fd,0048b30d,0048b320,0048b333,0048b346,0048b359,0048b36c,0048b37c,0048b38c,0048b39c
00494500	00494614	0049461b,0049462d,0049464f,00494659
00499ba0	00499be0	00499be7,00499c1e,00499c51,00499c84
0049c4b0	0049c86d	0049c874,0049c87b,0049c96d,0049caf5
0049cee0	0049cf01	0049cf08,0049cf1f
0049cfb0	0049cfbb	0049cfc2,0049cfc8,0049cfce,0049cfd4,0049cfda,0049cfe0,0049d036
0049d060	0049d06b	0049d072,0049d078,0049d07e,0049d0d4
004a04d0	004a04f5	004a04fc,004a0545,004a05a2
004a0c90	004a0cbb	004a0cc2,004a0cd1,004a0da8
004a1090	004a10a2	004a10a9,004a10bb,004a10cd,004a10df,004a10f1,004a1103
004a1140	004a1152	004a1159,004a1161,004a1169
004ad210	004ad225	004ad22c,004ad23c,004ad24c,004ad25c
004b0480	004b0492	004b0499,004b04b0,004b04c7,004b04de
004bcd60	004bcdac	004bcdb3,004bcdbe,004bcdde,004bcdfe
004c22f0	004c24ca	004c24d1,004c250f,004c2553,004c2591,004c25d2
004c2900	004c2911	004c2918,004c291d
004da3c0	004da5b2	004da5b9,004da5d0,004da5e7,004da5fe,004da615
004dac70	004dac86	004dac8d,004dac97,004daca1,004dacab,004dacaf
004dac70	004dacf9	004dad00,004dade3,004daef7,004db003
004db200	004db219	004db220,004db234,004db248,004db25c,004db270
004db450	004db45c	004db463,004db491,004db4cf,004db508,004db523
004db560	004db56c	004db573,004db5e9,004db61f,004db67f,004db694,004db6d7,004db729,004db770,004db7a1
004dcc30	004dcc58	004dcc5f,004dcc63,004dcc6a,004dcc71,004dcc78
004e2eb0	004e2eb9	004e2ec0,004e2ed5,004e2eea,004e2eff
004e2f30	004e2f39	004e2f40,004e2f55,004e2f6a,004e2f7f
004e2fb0	004e2fb9	004e2fc0,004e2fc9,004e2fd2,004e2fdb
004e3000	004e3009	004e3010,004e3025,004e303a,004e304f
004e3080	004e3089	004e3090,004e30a5,004e30ba,004e30cf
004e67e0	004e67f8	004e67ff,004e6819,004e6860,004e68b4
004e6940	004e6b3f	004e6b46,004e6b8b,004e6bfe,004e6d1b,004e6dd0,004e6e95,004e6fe1,004e7120
004e86d0	004e8743	004e874a,004e8778,004e879f,004e87ca,004e87f8
004e8890	004e8938	004e893f,004e89dc,004e8a08,004e8a38,004e8a75
004e8b70	004e8ba8	004e8baf,004e8bcf,004e8bef,004e8c4b,004e8ca5
004eaa90	004eaa9f	004eaaa6,004eaabb,004eaad3,004eaada,004eaae1,004eaae8,004eaaef,004eaaf6,004eaafd,004eab04,004eab0b
004eab50	004eab5d	004eab64,004eab7d,004eab96,004eab9e,004eaba6,004eabae,004eabb6,004eabbe,004eabc6,004eabce,004eabd6
004ec6e0	004ec6f0	004ec6f7,004ec703,004ec70f,004ec71a,004ec725
004ec8f0	004ec92c	004ec933,004eca6e,004eca92
004ece80	004ecfbf	004ecfc6,004ecff2,004ed01f,004ed02f,004ed18a,004ed263,004ed314,004ed31d,004ed331
004ece80	004ed2ca	004ed2d1,004ed2fc
004ed3b0	004ed481	004ed488,004ed4b0,004ed4d9,004ed4f6,004ed638,004ed719,004ed7d7,004ed7e2,004ed7f8
004ed3b0	004ed789	004ed790,004ed7bf
004ed930	004ed944	004ed94b,004ed984,004ed9cb,004eda08,004eda34,004eda61
004edb50	004edb7e	004edb85,004edc27,004edc3e,004edca3
004ef150	004ef180	004ef187,004ef18f,004ef197
004ef2f0	004ef584	004ef58b,004ef59a,004ef5a9,004ef5b8,004ef5c7,004ef5d6,004ef61b,004ef64b
004f3410	004f3437	004f343e,004f3472,004f34a2,004f34d6,004f34fd
004f3550	004f35a4	004f35ab,004f35e3,004f3617,004f3648,004f3690
004f36d0	004f3710	004f3717,004f3759,004f3776,004f37b5,004f37f2
004f3d90	004f3daf	004f3db6,004f3dd0,004f3e18,004f3e26
004f3d90	004f3e65	004f3e6c,004f3e78,004f3e84,004f3e90
004f3f40	004f400f	004f4016,004f402e,004f4046,004f4070
004f3f40	004f4027	004f405e,004f4070
004f3f40	004f403f	004f405e,004f4070
004f3f40	004f4057	004f405e,004f4070
004f3f40	004f4112	004f4119,004f4131,004f4149,004f4173
004f3f40	004f412a	004f4161,004f4173
004f3f40	004f4142	004f4161,004f4173
004f3f40	004f415a	004f4161,004f4173
004f3f40	004f41e5	004f41ec,004f4204,004f421c,004f4246
004f3f40	004f41fd	004f4234,004f4246
004f3f40	004f4215	004f4234,004f4246
004f3f40	004f422d	004f4234,004f4246
004f3f40	004f4304	004f430b,004f4323,004f433b,004f4365
004f3f40	004f431c	004f4353,004f4365
004f3f40	004f4334	004f4353,004f4365
004f3f40	004f434c	004f4353,004f4365
004f3f40	004f43ef	004f43f6,004f440e,004f4426,004f4450
004f3f40	004f4407	004f443e,004f4450
004f3f40	004f441f	004f443e,004f4450
004f3f40	004f4437	004f443e,004f4450
004f3f40	004f44f6	004f44fd,004f4515,004f452d,004f4557
004f3f40	004f450e	004f4545,004f4557
004f3f40	004f4526	004f4545,004f4557
004f3f40	004f453e	004f4545,004f4557
004f3f40	004f45c0	004f45c7,004f45df,004f45f7,004f4621
004f3f40	004f45d8	004f460f,004f4621
004f3f40	004f45f0	004f460f,004f4621
004f3f40	004f4608	004f460f,004f4621
004f4c20	004f4c2b	004f4c32,004f4c3d,004f4c48,004f4c53,004f4c5e
004f50a0	004f50a8	004f50af,004f50c6,004f50dd,004f50f4,004f510b
004f6cb0	004f6cc7	004f6cce,004f6cea,004f6d06,004f6d4a,004f6d89
004f6db0	004f6dc7	004f6dce,004f6dea,004f6e06,004f6e22,004f6e87
004f72f0	004f7368	004f736f,004f7395,004f73bb,004f73e1,004f7407,004f7444,004f746a,004f74a7
004f84e0	004f85a4	004f85ab,004f85b2,004f85c7,004f8603,004f860a,004f8611,004f8618,004f861f,004f8626,004f862d,004f863f,004f8651,004f8663,004f866a,004f8671,004f8676
004f84e0	004f8689	004f8690,004f8697,004f86d4,004f86db,004f86e2,004f86e9,004f86f0,004f86f7,004f86fe,004f8705,004f870c,004f8713,004f871a,004f8721
004f84e0	004f8737	004f873e,004f87c9,004f8846,004f88a5,004f8983,004f8a61,004f8ac6,004f8b55,004f8bac,004f8c70,004f8d66,004f8e0d,004f8ea4
004fb610	004fb623	004fb62a,004fb63e,004fb655,004fb66c,004fb683,004fb69a,004fb6b1,004fb6cb,004fb6e5,004fb6ff,004fb719,004fb730,004fb747
00514e20	00514e43	00514e4a,00514e52,00514e57,00514e63
00518590	005185ab	005185b2,005185c0,00518680,005186b1,005186df,005186fa
0051ac60	0051ad2c	0051ad33,0051ad89,0051add2,0051ae5b
0051cb30	0051cb4c	0051cb53,0051cb58
0051e4e0	0051e58b	0051e592,0051e595,0051e5a5,0051e5c0
00526100	00526143	0052614a,0052616b,005261f1,00526250,00526306,00526327,00526482
00526540	0052658e	00526595,005265a4,005265e7,005266c0,005267e0,005268a4,005269d6,005269e1,00526a2a
005278d0	00527929	00527930,00527988,005279db,00527a6f,00527b19,00527be4,00527d42
00527de0	00527e4e	00527e55,00527f1b,00527fe9,005280e3,00528206,0052834e,00528420,005284c7
0052f400	0052f410	0052f417,0052f430,0052f443,0052f456,0052f469,0052f46e,0052f47a,0052f493
005454c0	005454cc	005454d3,005454dc,005454e5,005454fa
00550dc0	00550ea1	00550ea8,00550eb1,00550ed2,00550eec
00565630	00565678	0056567f,00565691,005656a8,005656bf,005656d6,005656ed,00565704,00565713
00579540	0057957a	00579581,0057958e,0057959b,005795a8,005795b5
0057c600	0057c6c4	0057c6cb,0057c6e0,0057c6f5,0057c70a,0057c71f,0057c734,0057c749,0057c75b,0057c76d,0057c77f
00583030	00583098	0058309f,00583130,00583196
00584b70	00584bce	00584bd5,00584f04,00584f53,00584f89,00584fc3,0058500d
00587c90	00587cf8	00587cff,00587d2c,00587d5b,00587da4,00587df1,00587e37
0058f030	0058f063	0058f06a,0058f082,0058f10e,0058f129,0058f144,0058f15f,0058f17a,0058f192,0058f1ad,0058f1c5,0058f1e0,0058f1f8,0058f213,0058f22e,0058f249,0058f264,0058f27f,0058f29a,0058f338,0058f3d6,0058f471,0058f48c,0058f4a7,0058f4bf,0058f4d7,0058f4ef,0058f507,0058f522,0058f53d,0058f558,0058f573,0058f58e,0058f5a9,0058f5d1,0058f5ec,0058f604,0058f61c,0058f634,0058f64c,0058f664,0058f67f
0058f760	0058f7a6	0058f7ad,0058f82a,0058f885,0058f8e0,0058f938,0058f993,0058f9eb,0058fa46,0058fa9e,0058faf9,0058fb51,0058fbac,0058fc04,0058fc5f,0058fcba,0058fd15,0058fd70,0058fde0,0058fe3b,0058fe97,0058feef,0058ff47,0058ff9f,0058ffe7,00590034,00590081,005900cc,0059011c,0059016c,005901b7,00590207,00590257,005902a2,005902f2,00590342,0059038d,005903dd,00590426,00590474
00590560	00590597	0059059e,0059062f,0059065b,005906f4,00590796,00590832,005908ce,0059099b,00590a68,00590b35,00590c0d,00590cb3,00590cc9,00590cdd,00590ce9,00590cf5,00590d09,00590d1d,00590d5c,00590e0b,00590eee,0059102c,00591169,005912a6,005912b4,005912c0,00591727,005917fa,005918fd,00591980,00591a33,00591a9f,00591b7b,00591c59,00591dda,00591e20,00591e66,00591eac,00591ef2,00592083,0059212d,00592181,00592241,00592305,005923c9,00592434,005924ca,00592560,00592608,005926d1,00592796,005927f7,0059281c,0059282c,005929b2,00592b24,00592b76,00592b9b,00592c6f,00592d43,00592db0,00592e52,00592ee3,00592f63,00592fae,00592ff9,00593044,0059308f,005930da,00593125,00593170,005931bb,00593206,00593251,0059329c,005932e7,00593314,00593335,00593396,005933a2,005933ae,00593476,00593527,0059361b,005936f4,005937bc,0059386d,00593961,00593a3a,00593ab8,00593b02,00593b15,00593b28,00593c01,00593d42,00594130,00594284,005942db,00594332,0059436f,00594397,005949ce,00594b76,00594d04,00594e0d,00594ee9,00594fd6,005950eb,005951fc,00595311,00595446,005955cf,00595775,005957e0,0059584b,005958cf,00595f21,00595fd2,00596069,00596100,0059632b,00596557,0059683f,005969f2,00596ba6,00596bfa,00596c9d,00596d40,00596dc6,00596e1a,00596eb2,00596f06,00596f9e,00597204,0059743d,005974f8,005975f7,00597700,0059803a,00598197,0059829f,005982e0,005982f6,00598300,00598414,00598439,0059848f,005984e3,005984f7,00598503,00598535,0059869c,00598875,005988e6,00598917,00598982,00598992,005989bd
00590560	00594504	0059450b,00594519,00594539,00594547
0059a630	0059a65e	0059a665,0059a6ca,0059a735,0059a770,0059a7ab,0059a7e7,0059a831,0059a87a,0059a8c5,0059a90e,0059a987,0059a9b3,0059a9e4,0059aa8d,0059ab22,0059ac91,0059ace3,0059ad21,0059ad4a,0059ade6,0059ae5f,0059ae85,0059aeab,0059af6d,0059affe,0059b01a,0059b037,0059b054,0059b0af,0059b11d,0059b1a3,0059b1ba,0059b22b,0059b242,0059b285,0059b34b,0059b3c1,0059b513,0059b592,0059b5ed,0059b639,0059b6ab,0059b6d2,0059b6f9,0059b7af,0059b864,0059baf2,0059bcea,0059bd33,0059bd50,0059be36,0059be93,0059bf81,0059c06a,0059c0ba,0059c10f,0059c255,0059c2f9,0059c38a,0059c420,0059c4e3,0059c5d7,0059c6b0,0059c755,0059c7d9,0059c870,0059c8f8,0059c97f,0059c9a8,0059c9d1,0059c9fa,0059ca23,0059ca82,0059caed,0059cb96,0059cd61,0059ce54,0059cf1a,0059cfe0,0059d0a6,0059d102,0059d15e,0059d1d8,0059d253,0059d2e9,0059d380,0059d3c9,0059d3f3,0059d41a,0059d441,0059d496,0059d518,0059d5bc,0059d5e5,0059d64c,0059d670,0059d6c9,0059d729,0059d78f,0059d7a7,0059d7e0,0059d815
0059a630	0059aa32	0059aa39,0059aa47,0059aa55,0059aa63,0059aa71,0059aa7f
0059e2e0	0059e302	0059e309,0059e388,0059e407,0059e486,0059e58b
0059e5c0	0059e600	0059e607,0059e622,0059e6c8
005a1260	005a191d	005a1924,005a192e,005a1934,005a193e
005a1260	005a1a33	005a1a3a,005a1a3e,005a1a45,005a1a4c
005b4710	005b472b	005b4732,005b473a,005b4742,005b474a
005b6610	005b6643	005b664a,005b6719,005b6748,005b676b
005b69e0	005b6a28	005b6a2f,005b6a4e
005b6b30	005b6b73	005b6b7a,005b6b99
005c4ca0	005c4f64	005c4f6b,005c4f8c,005c4fad,005c4fcb
005cdf30	005ce173	005ce17a,005ce1b3,005ce220,005ce2aa,005ce305,005ce36b,005ce3d1,005ce431,005ce491,005ce4c2,005ce510,005ce6e9,005ce760,005ce7c3,005ce804,005ce86a,005ce8d0,005cec23
005cdf30	005ce9be	005ce9c5,005ce9fa,005cea2f,005cea64,005cea99,005ceb19,005ceb52,005ceb8b,005cebb3
005d6950	005d6a32	005d6a39,005d6a48,005d6a6f,005d6ac9
005db860	005db8bd	005db8c4,005db8d3,005db8e2,005db8f1,005db900,005db90f,005db91b
005db860	005db93d	005db944,005db950,005db95c,005db968,005db974,005db980,005db98c
005dba00	005dbd13	005dbd1a,005dbd1f,005dbd24,005dbd29,005dbd2e,005dbd33,005dbd38
005dba00	005dbef8	005dbeff,005dbf09,005dbf13,005dbf1d
005dc460	005dc714	005dc71b,005dc720,005dc725,005dc72a,005dc72f,005dc734,005dc739
005dddb0	005dde17	005dde1e,005dde25,005dde2c,005dde33,005dde7e
005de020	005de121	005de128,005de195,005de283,005de4c4
005de500	005de600	005de607,005de641,005de6c2,005de709
005dec00	005dec15	005dec1c,005dec24,005dec2c
005e3820	005e385b	005e3862,005e393b,005e3a14,005e3aed,005e3bc6,005e3c9f
005e9150	005e9309	005e9310,005e9314
005fe020	005fe081	005fe088,005fe19b,005fe24d,005fe2b6
00601800	00601d78	00601b4a,00601d7f,00601d8f,00601d9f,00601daf,00601dbf,00601dcf,00601ddf,00601def,00601dff,00601e0f,00601e1f,00601e2f,00601e3f,00601e4f,00601e5f,00601e6f,00601e7f
00601800	0060204d	00602054,00602064,00602074,00602084,00602094,006020a4
00606ec0	00606ed7	00606ede,00606ee4,00606eea,00606ef0,00606ef6,00606efc,00606f02,00606f08,00606f0e,00606f14,00606f1a,00606f20,00606f26,00606f2c,00606f32,00606f38,00606f3e,00606f44
006091a0	006091a8	006091af,006091b5,006091bb,006091c1,006091c7
00610d60	00610d7c	00610d83
00611cf0	00611ec4	00611ecb,00611edc,00611eee,00611f00,00611f11
0061b640	0061b64b	0061b652,0061b65d,0061b668,0061b673
0061b8b0	0061b951	0061b958,0061b967,0061b971,0061b988,0061b99a
006271a0	00627395	0062739c,006273cc,006273d8,006273e4
00627420	00627476	0062747d,00627503,00627514,0062753b
00627420	00627488	0062748f,006274a0,006274b4,006274c8
00627420	006275dd	006275e4,006276c8,006276d9,006276ea
00627420	00627605	0062760c,00627620
00627420	00627653	0062765a,00627688,0062769a
0062c540	0062cb81	0062cb88,0062cba0
0062ef30	0062f185	0062f18c,0062f234,0062f256,0062f278,0062f29b
0063c500	0063c517	0063c51e,0063c53a,0063c556,0063c562,0063c56a
0063daf0	0063db23	0063db2a,0063db71,0063dbb8,0063dbff,0063dc46,0063dc8d,0063dcd4,0063dd3b,0063e069
0063e130	0063e1ca	0063e1d1,0063e1d8,0063e1df,0063e1e6,0063e1ed,0063e1f4,0063e202
0063f9c0	0063fadf	0063fae6,0063fbc0,0063fc5b,0063fc64,0063fc6d,0063fc76,0063fc7d
00640ea0	00641024	0064102b,00641061,0064108a
0064fb40	0064fb81	0064fb88,0064fc18,0064fcd7,0064fe45,0064ff34,0064ff4e,006501a7,0065022e,00650238,0065024f,00650257
00650760	0065077b	00650782,006507f2,0065085f,006508eb
00650e90	00650f34	00650f3b,0065116b,00651185,006511b8,006511e0
00650e90	00650f4e	00650f55,00650f6b,00651111,00651159,006511e0
00653100	00653115	0065311c,0065312f,00653142
006587e0	006588b0	006588b7,006588c1
00659ad0	00659b32	00659b39,00659ba8,00659c45,00659caa,00659d15
00659e70	00659e96	00659e9d,00659ed4,00659f0b,00659f3b,00659f6b,00659fa9
0065eed0	0065ef03	0065ef0a,0065eff2,0065f04b,0065f236,0065f330
0065fa80	0065faa6	0065faad,0065fbec,0065fc66,0065fdb6,0065fdd1,0065fe1f
0065fa80	0065faee	0065faf5,0065fbdc
0066de20	0066de5f	0066de66,0066f156,0066f19c
00681a30	00681a4f	00681a56,00681a61,00681aa6
00681b20	00681b74	00681b7b,00683b64,00683b8a,00683bac
0068dc80	0068e0e0	0068e0e7,0068e11f,0068e157,0068e18c
00691f60	0069221c	00692223,0069225b,00692293,006922cb,00692300
00695e60	00695ea3	00695eaa,00695ec6,00695f0d,006967e2,00696828
00696930	00696bda	00696be1,00696c18,00696c4f,00696c86,00696cba
00697780	0069781b	00697822,00697853,00697884,006978b5,00697962,00697993,006979c1,006979ef
006a1660	006a167d	006a1684,006a16a6
006a9620	006a98ed	006a98f4,006a9915,006a9942,006a996f
006a9620	006a9a69	006a9a70,006a9a8e,006a9ab4,006a9ada
006ad1f0	006ad296	006ad29d,006ad4bd
006afbd0	006afc3b	006afc42,006afc66,006afc8a,006afcae,006afccf,006afcec,006afd09,006afd2a,006afd3d
006b4050	006b408e	006b4095,006b40af,006b4106,006b4120
006b4b80	006b4bb8	006b4bbf,006b4bee,006b4f94,006b4fb7,006b4fbf
006b4b80	006b4c19	006b4c20,006b4c3c,006b4f42,006b4f6b,006b4fbf
006b5840	006b5878	006b587f,006b58ae,006b5be4,006b5c07,006b5c0f
006b5840	006b58d9	006b58e0,006b58fc,006b5b3c,006b5b65,006b5b8e,006b5bb9,006b5c0f
006b64d0	006b6c02	006b6c09,006b6c45,006b6cc7,006b6d46
006baad0	006bab11	006bab18,006bab32,006bad0f,006bae00,006bae51
006c3810	006c3852	006c3859,006c38a6,006c38fc,006c3920
006f36d0	006f3705	006f3828,006f3830,006f383c,006f3850
006f36d0	006f371d	006f3740,006f376c,006f3790
006f36d0	006f3724	006f3828,006f3830,006f383c,006f3850
006f36d0	006f372c	006f37cc,006f37d4,006f37dc,006f37e4,006f37ec,006f37f4,006f37fc,006f380f
006f36d0	006f3762	006f3828,006f3830,006f383c,006f3850
006f36d0	006f3788	006f3828,006f3830,006f383c,006f3850
006f36d0	006f37a2	006f3828,006f3830,006f383c,006f3850
006f36d0	006f380f	006f3828,006f3830,006f383c,006f3850
006f36d0	006f3887	006f39c0,006f39c8,006f39d8,006f39ec
006f36d0	006f3892	006f3964,006f396c,006f3974,006f397c,006f3984,006f398c,006f3994,006f39a7
006f36d0	006f38ad	006f38c8,006f38e8,006f3910
006f36d0	006f38b4	006f39c0,006f39c8,006f39d8,006f39ec
006f36d0	006f38de	006f39c0,006f39c8,006f39d8,006f39ec
006f36d0	006f3908	006f39c0,006f39c8,006f39d8,006f39ec
006f36d0	006f393a	006f39c0,006f39c8,006f39d8,006f39ec
006f36d0	006f39a7	006f39c0,006f39c8,006f39d8,006f39ec
006f6860	006f6895	006f69b8,006f69c0,006f69cc,006f69e0
006f6860	006f68ad	006f68d0,006f68fc,006f6920
006f6860	006f68b4	006f69b8,006f69c0,006f69cc,006f69e0
006f6860	006f68bc	006f695c,006f6964,006f696c,006f6974,006f697c,006f6984,006f698c,006f699f
006f6860	006f68f2	006f69b8,006f69c0,006f69cc,006f69e0
006f6860	006f6918	006f69b8,006f69c0,006f69cc,006f69e0
006f6860	006f6932	006f69b8,006f69c0,006f69cc,006f69e0
006f6860	006f699f	006f69b8,006f69c0,006f69cc,006f69e0
006f6860	006f6a17	006f6b50,006f6b58,006f6b68,006f6b7c
006f6860	006f6a22	006f6af4,006f6afc,006f6b04,006f6b0c,006f6b14,006f6b1c,006f6b24,006f6b37
006f6860	006f6a3d	006f6a58,006f6a78,006f6aa0
006f6860	006f6a44	006f6b50,006f6b58,006f6b68,006f6b7c
006f6860	006f6a6e	006f6b50,006f6b58,006f6b68,006f6b7c
006f6860	006f6a98	006f6b50,006f6b58,006f6b68,006f6b7c
006f6860	006f6aca	006f6b50,006f6b58,006f6b68,006f6b7c
006f6860	006f6b37	006f6b50,006f6b58,006f6b68,006f6b7c
006fafff	006fb06d	006fb074,006fb08f,006fb0db,006fb112,006fb11a,006fb14f,006fb19e,006fb1e2
006fe41c	006fe48a	006fe491,006fe4ac,006fe4f7,006fe52f,006fe537,006fe570,006fe5b7,006fe5d3
00702f18	00702f7b	00702f82,00702fd1,00703028,00703052,007030ad,00703124,0070315a,00703183,007031a4,007031be,007031f2,00703208
007091a0	00709275	0070927c,00709288,00709294,007092a0,007092a9,007092b2,007092bb,007092c4
0070d537	0070d577	0070d57e,0070d5aa,0070d5d6,0070d602,0070d62e,0070d65a,0070d686,0070d6b2,0070d6de,0070d70a,0070d736
0070e8a0	0070e9cf	0070e9d6,0070e9e0,0070e9ea,0070e9f4,0070e9fe,0070ea08,0070ea12,0070ea1c,0070ea26,0070ea30
0070e8a0	0070ed89	0070ed90,0070ed9a,0070eda4,0070edae,0070edb8,0070edc2,0070edcc,0070edd6,0070ede0,0070edea,0070edf4,0070edfe,0070ee08,0070ee12,0070ee1c,0070ee26,0070ee30,0070ee3a,0070ee44,0070ee4e,0070ee58,0070fd80
0070e8a0	0070f36c	0070f373,0070f37d,0070f387,0070f391,0070f39b,0070f3a5,0070f3af,0070f3b9,0070f3c3,0070f3cd,0070f3d7,0070f3e1,0070f3eb,0070f3f5,0070f3ff,0070f409,0070f413,0070f41d,0070f427,0070f431,0070f43b
0070e8a0	0070f7bd	0070f7c4,0070f7ce,0070f7d8,0070f7e2,0070f7ec,0070f7f6,0070f800,0070f80a,0070f814,0070f81e,0070f828,0070f832,0070f83c,0070f846,0070f850,0070f85a,0070f864,0070f86e,0070f878,0070f882,0070f88c,0070f896,0070f8a0,0070f8aa,0070f8b4,0070f8be,0070f8c8,0070f8d2,0070f8dc,0070f8e6,0070f8f0,0070f8fa,0070f904,0070f90e,0070f918,0070f922,0070f92c,0070f936,0070f940,0070f94a,0070f954,0070f95e,0070f968,0070fd80
0070e8a0	0070f9b7	0070f9be,0070f9c8,0070f9d2,0070f9dc,0070f9e6,0070f9f0,0070f9fa,0070fa04,0070fa0e,0070fa18,0070fa22,0070fa2c,0070fa36,0070fa40,0070fa4a,0070fa54,0070fa5e,0070fa68,0070fa72,0070fa7c,0070fa86,0070fd80
0070e8a0	0070faaf	0070fab6,0070fac0,0070faca,0070fad4,0070fade,0070fae8,0070faf2,0070fafc,0070fb06,0070fb10,0070fb1a,0070fb24,0070fb2e,0070fb38,0070fb42,0070fb4c,0070fb56,0070fb60,0070fb6a,0070fb74,0070fb7e,0070fd80
0070e8a0	0070fbae	0070fbb5,0070fbbf,0070fbc9,0070fbd3,0070fbdd,0070fbe7,0070fbf1,0070fbfb,0070fc05,0070fc0f,0070fc19,0070fc23,0070fc2d
0070e8a0	0070fc5a	0070fc61,0070fc6b,0070fc75,0070fc7f,0070fc89,0070fc93,0070fc9d,0070fca7,0070fcb1,0070fcbb,0070fcc5,0070fd80
00710110	00710124	0071012b,00710135,0071013f,007102e4
00710110	007101b1	007101b8,007101f1,0071023e,00710243,007102e4
00710bb0	00710c01	00710c08,00710c12,00710c1c,00711027
00710bb0	00710d40	00710d47,00710d6c,00710da2,00710db8,00710dcf
0071be70	0071bed4	0071bedb,0071bee5,0071beef,0071bf19,0071bf27,0071bf53
007436f0	00743700	00743707,00743715,00743723,00743731,00743754,00743777,00743785,007437a9,007437cc,007437ef,00743812,00743835,00743843,00743851,0074385f,0074386f,0074387f,007438d2
00743930	00743941	00743948,00743b10,00743be1,00743c11,00743c35,00743c59,00743c8c,00743cca,00743cee,00743d12,00743d36,00743d5a,00743d7c,00743de8,00743e3b,00743e4c,00743e5d,00743ebc
007537a0	00753821	00753828,007539ab,00753a34,00753c45
007566a0	00756801	00756808,0075683b,0075686a,00756942
0075e6a0	0075e714	0075e71b,0075e724,0075e72d,0075e736
00764340	00764354	0076435b,00764377,00764393,007643f6,00764456,007644b1,0076450c,0076453a,0076459e,007645dd,00764664,007646c1,00764744
00770bd0	00770c13	00770c1a,00770e2a,00770f60,00771065
00776b50	00776d60	00776d67,00776dfd,00776e41,00776ea7,00776efc
0077b580	0077b81d	0077b747,0077b824
0077d3b0	0077d4d8	0077d4df,0077d4f0,0077d501,0077d512
007871c0	0078729f	00787233,007872a6,00787393,007874ce
0078a740	0078ad21	0078ad28,0078ad70,0078ad94,0078adae,0078add7,0078ae00
0078ba20	0078ba62	0078ba69,0078ba7a,0078ba82,0078ba93,0078bab8
0078e7b0	0078e851	0078e858,0078e85c,0078e863
00794680	0079469b	007946a2,007946f0,00794754,0079483f,0079499c
00799a90	00799add	00799ae4,00799b8e,00799c95,00799cdc,00799d0b
00799ef0	00799f00	00799f07,00799f3c,00799f77,00799f9d
0079c6f0	0079c72a	0079c731,0079c77c,0079c7e5,0079c94c,0079c998,0079ca22,0079ca64
0079f3f0	0079f554	0079f55b,0079f56a,0079f57f,0079f598
007af7a0	007afa63	007afa6a,007afa78,007afaef,007afaff
007aff10	007aff1f	007aff26,007aff47,007aff64,007aff81
007affb0	007b0229	007b0230,007b023e,007b02ce,007b02de
007b0ad0	007b0d65	007b0d6c,007b0d7a,007b0e55,007b0e68
007b0ad0	007b0e3d	007b0e44,007b0e85,007b0e9f,007b0eaf
007b16e0	007b1776	007b177d,007b178b,007b17a5,007b17b3
007b16e0	007b1880	007b1887,007b1895,007b18af,007b18bd
007b2de0	007b2ef4	007b2efb,007b2f18,007b2f1f,007b2f3d
007b3430	007b3528	007b352f,007b3547,007b355b,007b3565
007b40e0	007b45b4	007b45bb,007b45c9,007b471f,007b4732
007b40e0	007b4d26	007b4d2d,007b4d54,007b4d76,007b4d8e
007b8a10	007b8a2b	007b8a32,007b8a48,007b8a5c,007b8a6b,007b8a7a
007b8a10	007b8a3a	007b8a41,007b8a48
007b8a10	007b8a50	007b8a41,007b8a57
007b8a10	007b8a64	007b8a41,007b8a57,007b8a6b
007b8a10	007b8a73	007b8a41,007b8a57,007b8a7a
007b8a10	007b8a82	007b8a57
007b8fe0	007b9243	007b924a,007b925e,007b9272,007b9286,007b9296
007b98f0	007b99cf	007b99d6,007b99e2
007bbe90	007bbefb	007bbf02,007bbfe5,007bc075,007bc10c,007bc1b2,007bc251,007bc2c3,007bc33c
007c2940	007c2967	007c296e,007c297a,007c2a0f,007c2b0d,007c2c45
007c2c70	007c2cf8	007c2cff,007c2d25,007c2d75,007c2dc2,007c2dd1,007c2de0,007c2e4e,007c2e9b,007c2ea7
007c2f80	007c2f9f	007c2fa6,007c2fcc,007c301c,007c3028,007c3034,007c3043,007c3090,007c3125,007c3131,007c31db,007c32c4,007c3392,007c340a,007c3482,007c34f7,007c35b0
007c3730	007c374f	007c3756,007c37a4,007c37f4,007c3841,007c3850,007c385f,007c38cd,007c391a,007c3926
007c3730	007c39c0	007c39c7,007c39ed,007c3a3d,007c3a8a,007c3a99,007c3aa8,007c3b16,007c3b63,007c3b6f
007c3c80	007c3c9f	007c3ca6,007c3cdf,007c3d00,007c3d50,007c3d5c,007c3dd4,007c3e69,007c3e75,007c3e81
007c3f80	007c3f9f	007c3fa6,007c3fff,007c4058,007c4079,007c409a,007c40a6,007c40b2,007c4135,007c4182,007c418e,007c419a
007c3f80	007c4234	007c423b,007c4261,007c42b1,007c42fe,007c430d,007c431c,007c438a,007c43d7,007c43e3
007c4630	007c4641	007c4648,007c468d,007c46d2,007c4717,007c473b,007c4780
007c47e0	007c47f1	007c47f8,007c4829,007c4835,007c4866
007c48b0	007c4913	007c491a,007c4926,007c494e,007c4976,007c499c
007c4e20	007c4ea7	007c4eae,007c4ee3,007c4efc,007c4f15,007c4f4e
007c4fe0	007c500b	007c5012,007c5047,007c5060,007c5079,007c50b2
007c5280	007c532a	007c5331,007c533e,007c534e,007c535e,007c536e
007c5280	007c5486	007c548d,007c5495,007c549d,007c54a5,007c54ad,007c54b5,007c54bd,007c54c5,007c54cd,007c54d5,007c54dd
007c5760	007c5867	007c586e,007c5875,007c587f,007c5889,007c5893
007c5760	007c5972	007c5979,007c5981,007c5989,007c5991,007c5999,007c59a1,007c59a9,007c59b1,007c59b9,007c59c1,007c59c9
007c6740	007c6788	007c678f,007c67a1,007c67aa,007c67bc,007c67c5,007c67d7,007c67e0,007c67f2,007c67fb,007c680d
007c6740	007c682f	007c6836,007c684a,007c685e,007c6872,007c6886,007c689a,007c68ae,007c68c2,007c68d6,007c68ea
007c6950	007c69c6	007c69cd,007c69e2,007c69f7,007c6a0c,007c6a21,007c6a36,007c6a4b,007c6a60
007c6c20	007c6c74	007c6c7b,007c6c8d,007c6c96,007c6ca8,007c6cb1,007c6cc3,007c6ccc,007c6cde
007e7940	007e7e37	007e7e3e,007e7ee6,007e7f47,007e7fc5,007e7fe8,007e8017,007e8051,007e811c,007e8131,007e8172,007e81c4,007e8205,007e821b,007e828d,007e82ed,007e831d,007e8356,007e83fc,007e8444,007e8599,007e85af,007e85c5,007e8625,007e866d,007e869c,007e86b2,007e86d4,007e8731
007fc760	007fc84d	007fc854,007fc8b5,007fc914,007fc972,007fc9e6
007fcae0	007fcbcd	007fcbd4,007fccd5,007fcdfa,007fcf38,007fd097
007fd370	007fd45d	007fd464,007fd48f,007fd4bf,007fd4f0,007fd537
007ffa10	007ffa87	007ffa8e,007ffb01,007ffb82,007ffbf2,007ffc85
007ffd50	007ffd92	007ffd99,007ffd9d
007ffd50	007ffdbd	007ffdc4,007ffdd4
007ffd50	007ffde8	007ffdef,007ffeeb,007ffff0,00800136,00800282
00800450	0080049f	008004a6,008004d7,0080050b,00800542,0080058b
00808260	00808888	0080888f,008088d6,0080891d,00808961,008089af
00808260	00808a2f	00808a36,00808a7d,00808ac4,00808b08
00810d20	00811a85	00811a8c,00811adc,00811b2c,00811b79,00811bd0
00810d20	00811c34	00811c3b,00811c8b,00811cdb,00811d28
00812bf0	0081415b	00814162,008141b5,0081420b,0081425e,008142bb
00812bf0	00814314	0081431b,00814371,008143c4,00814417
