address	owner	kind
0041492a	00414490	data
0041492e	00414490	data
00414934	00414490	data
0041493a	00414490	data
0041496b	00414490	data
0041496f	00414490	data
00414975	00414490	data
0041497b	00414490	data
0041fbd7	0041fb00	data
0041fbe3	0041fb00	data
0041fbe6	0041fb00	data
0041fbf2	0041fb00	data
0041fbfe	0041fb00	data
0041fc0a	0041fb00	data
00422993	00422900	data
0042299a	00422900	data
004229af	00422900	data
004229c4	00422900	data
00429c93	00429c70	data
00429cba	00429c70	data
00429d05	00429c70	data
00429d2c	00429c70	data
00429dad	00429c70	data
00429dc2	00429c70	data
00429e1f	00429c70	data
00429e46	00429c70	data
00429e8c	00429c70	data
00429ec4	00429c70	data
00429efc	00429c70	data
00429f38	00429c70	data
00429f74	00429c70	data
00429fb0	00429c70	data
0042a302	0042a2e0	data
0042a314	0042a2e0	data
0042a334	0042a2e0	data
0042a34f	0042a2e0	data
0042a36a	0042a2e0	data
0042a374	0042a2e0	data
0042a382	0042a2e0	data
0042a392	0042a2e0	data
0042a39c	0042a2e0	data
0042a3a9	0042a2e0	data
0042a3b6	0042a2e0	data
0042a3c3	0042a2e0	data
0042a3d0	0042a2e0	data
0042a3dd	0042a2e0	data
0042a3ea	0042a2e0	data
0042a431	0042a2e0	data
0042a478	0042a2e0	data
0042a4bf	0042a2e0	data
0042a4cd	0042a2e0	data
0042a4eb	0042a2e0	data
0042a500	0042a2e0	data
0042a515	0042a2e0	data
0042a52a	0042a2e0	data
0042a53f	0042a2e0	data
0042d77f	0042d740	data
0042d783	0042d740	data
0042e70c	0042e580	data
0042e732	0042e580	data
0042e76f	0042e580	data
0042e79c	0042e580	data
0042e7d9	0042e580	data
0042e806	0042e580	data
0042e828	0042e580	data
0042e858	0042e580	data
0042e87f	0042e580	data
0042e8a1	0042e580	data
0042e8c8	0042e580	data
0042e8f3	0042e580	data
0042e904	0042e580	data
0042e915	0042e580	data
0042e925	0042e580	data
0042e942	0042e580	data
0042e966	0042e580	data
0042ea2f	0042e580	data
0042ea8e	0042e580	data
0042eab2	0042e580	data
0042ead6	0042e580	data
0042eafa	0042e580	data
0042eb1e	0042e580	data
0042eb42	0042e580	data
0042eb66	0042e580	data
0042eb8a	0042e580	data
0042eba7	0042e580	data
0042ebc6	0042e580	data
0042ebe5	0042e580	data
0042ebf9	0042e580	data
0042ec18	0042e580	data
0042ec35	0042e580	data
0042ec55	0042e580	data
0042ecae	0042e580	data
0042ecb6	0042e580	data
0042ecda	0042e580	data
0042ecfc	0042e580	data
0042ed15	0042e580	data
0042ed37	0042e580	data
0042ed51	0042e580	data
0042ed75	0042e580	data
0042ed99	0042e580	data
0042edbd	0042e580	data
0042ede1	0042e580	data
0042ee05	0042e580	data
0042ee29	0042e580	data
0042ee4d	0042e580	data
0042ee71	0042e580	data
0042ee82	0042e580	data
0042ee9c	0042e580	data
0042eebf	0042e580	data
0042eee0	0042e580	data
0042eef4	0042e580	data
0042ef22	0042e580	data
0042ef3c	0042e580	data
0042ef5f	0042e580	data
0042ef80	0042e580	data
0042ef96	0042e580	data
0042efac	0042e580	data
0042efdf	0042e580	data
0042f003	0042e580	data
0042f036	0042e580	data
0042f05a	0042e580	data
0042f08d	0042e580	data
0042f0b1	0042e580	data
0042f0e4	0042e580	data
0042f108	0042e580	data
0042f127	0042e580	data
0042f14a	0042e580	data
0042f15d	0042e580	data
0042f170	0042e580	data
0042f182	0042e580	data
0042f195	0042e580	data
0042f1a7	0042e580	data
0042f1ba	0042e580	data
0042f1cc	0042e580	data
0042f1df	0042e580	data
0042f1f1	0042e580	data
0042f21a	0042e580	data
0042f233	0042e580	data
0042f24f	0042e580	data
0042f281	0042e580	data
0042f2aa	0042e580	data
0042f311	0042e580	data
0042f323	0042e580	data
0042f335	0042e580	data
0042f347	0042e580	data
0042f373	0042e580	data
0042f38c	0042e580	data
0042f3a5	0042e580	data
0042f3bd	0042e580	data
0042f3d6	0042e580	data
0042f3ef	0042e580	data
0042f408	0042e580	data
0042f420	0042e580	data
0042f449	0042e580	data
0042f462	0042e580	data
0042f47b	0042e580	data
0042f494	0042e580	data
0042f4ad	0042e580	data
0042f4c5	0042e580	data
0042f4de	0042e580	data
0042f4f7	0042e580	data
0042f510	0042e580	data
0042f528	0042e580	data
0042f54f	0042e580	data
0042f57d	0042e580	data
0042f5ab	0042e580	data
0042f5d9	0042e580	data
0042f607	0042e580	data
0042f62e	0042e580	data
0042f65c	0042e580	data
0042f68a	0042e580	data
0042f6b8	0042e580	data
0042f6df	0042e580	data
0042f6f1	0042e580	data
0042f751	0042e580	data
0042f765	0042e580	data
0042f779	0042e580	data
0042f7d2	0042e580	data
0042f7e6	0042e580	data
0042f7f8	0042e580	data
0042f841	0042e580	data
0042f862	0042e580	data
0042f883	0042e580	data
0042f89b	0042e580	data
0042f8bb	0042e580	data
0042f8d8	0042e580	data
0042f8ed	0042e580	data
0042f90f	0042e580	data
0042f92f	0042e580	data
0042f94d	0042e580	data
004307b5	00430560	data
004307e2	00430560	data
00430809	00430560	data
0043082f	00430560	data
00430855	00430560	data
0043087f	00430560	data
004313e3	00431120	data
00431400	00431120	data
0043140a	00431120	data
00431411	00431120	data
00431416	00431120	data
0043168c	004315d0	data
0043169d	004315d0	data
004316ba	004315d0	data
004316d7	004315d0	data
004316f4	004315d0	data
0043181c	004317c0	data
004318ac	004317c0	data
004319c0	004317c0	data
00431a3b	004317c0	data
00431aaf	004317c0	data
00431b6b	00431b20	data
00431c7b	00431b20	data
00431c87	00431b20	data
00431c93	00431b20	data
00431c9f	00431b20	data
00431ce7	00431b20	data
00431d2f	00431b20	data
00431d81	00431b20	data
00431dc2	00431b20	data
00431deb	00431b20	data
00431e0c	00431b20	data
00431e2d	00431b20	data
00431e4e	00431b20	data
00431e6f	00431b20	data
00431eaa	00431b20	data
00431f0f	00431b20	data
00431f30	00431b20	data
00431f49	00431b20	data
00431f63	00431b20	data
00431ff5	00431b20	data
00432037	00431b20	data
00432076	00431b20	data
0043219d	00432130	data
004321a4	00432130	data
004321a8	00432130	data
004321ac	00432130	data
004321df	00432130	data
004321fa	00432130	data
00432224	00432130	data
00432246	00432130	data
00432281	00432130	data
00432299	00432130	data
004322bf	00432130	data
004328e1	004323a0	data
004328f6	004323a0	data
0043290b	004323a0	data
00432920	004323a0	data
00432935	004323a0	data
0043294a	004323a0	data
0043295f	004323a0	data
00436382	00436350	data
00436386	00436350	data
0043638d	00436350	data
00436394	00436350	data
00437c21	00437c00	data
00437c35	00437c00	data
00437c45	00437c00	data
00437c58	00437c00	data
00437c91	00437c00	data
00437ca6	00437c00	data
00437ce7	00437c00	data
00437e37	00437d70	data
00437e4b	00437d70	data
00437e99	00437d70	data
00437edc	00437d70	data
00437f47	00437d70	data
00437fe7	00437d70	data
00437fef	00437d70	data
00438025	00437d70	data
0043802d	00437d70	data
00438035	00437d70	data
00438f67	00438890	data
00438fbe	00438890	data
00439038	00438890	data
004390b0	00438890	data
004390b8	00438890	data
00440022	0043f640	data
00440049	0043f640	data
0044007e	0043f640	data
0044015e	0043f640	data
0045056f	00450520	data
00450588	00450520	data
004505b4	00450520	data
004505ca	00450520	data
004505e0	00450520	data
004508d6	00450520	data
0045093a	00450520	data
0045095e	00450520	data
004509ec	00450520	data
00450a37	00450520	data
00450a5c	00450520	data
00450b1b	00450520	data
00450b25	00450520	data
00450cd5	00450520	data
00450d55	00450520	data
00450de9	00450520	data
00450e02	00450520	data
00450e1f	00450520	data
00450ead	00450520	data
00450eca	00450520	data
00450f27	00450520	data
00450f61	00450520	data
00450ff4	00450520	data
0045100e	00450520	data
0045103c	00450520	data
00451056	00450520	data
00451088	00450520	data
004510b7	00450520	data
00451102	00450520	data
004511a0	00450520	data
004511d0	00450520	data
0045120f	00450520	data
0045129e	00450520	data
00452383	00452100	data
0045259e	00452100	data
00452617	00452100	data
004529e6	00452100	data
00452b26	00452100	data
00452b85	00452100	data
00453289	00452fa0	data
004532c0	00452fa0	data
004532cc	00452fa0	data
004532d8	00452fa0	data
004576aa	004575d0	data
004576f4	004575d0	data
00457741	004575d0	data
0045778d	004575d0	data
0045f1cc	0045f140	data
0045f1d3	0045f140	data
00462cf3	004625b0	data
00462d02	004625b0	data
00462d11	004625b0	data
00462d20	004625b0	data
0046a6da	0046a6c0	data
0046a6f3	0046a6c0	data
0046a70b	0046a6c0	data
0046a71c	0046a6c0	data
0046a735	0046a6c0	data
0046a75d	0046a6c0	data
0046a78d	0046a6c0	data
0046a7b4	0046a6c0	data
0046a7e5	0046a6c0	data
0046f4bd	0046f4a0	data
0046f4d5	0046f4a0	data
0046f4e4	0046f4a0	data
0046f4f3	0046f4a0	data
0046f502	0046f4a0	data
0046f511	0046f4a0	data
0046f520	0046f4a0	data
0046f52f	0046f4a0	data
0046f564	0046f4a0	data
0046f6c6	0046f4a0	data
00474043	00474030	data
00474053	00474030	data
00474063	00474030	data
0047406a	00474030	data
0047407a	00474030	data
0047408a	00474030	data
0047409a	00474030	data
004740a1	00474030	data
004740d3	00474030	data
00475ee3	00475ed0	data
00475ee7	00475ed0	data
00475eeb	00475ed0	data
00475f02	00475ed0	data
00475f14	00475ed0	data
00475f29	00475ed0	data
00475f3d	00475ed0	data
00475f4e	00475ed0	data
00475f60	00475ed0	data
00475f71	00475ed0	data
00475f82	00475ed0	data
00475f93	00475ed0	data
00475fa5	00475ed0	data
00475fbb	00475ed0	data
0047b74a	0047b720	data
0047b80e	0047b720	data
0047b870	0047b720	data
0047b905	0047b720	data
0047b975	0047b720	data
0047fd84	0047fd50	data
0047fd8a	0047fd50	data
00481d45	00481d00	data
00481d7a	00481d00	data
00481d99	00481d00	data
00481da1	00481d00	data
00481ddb	00481d00	data
00481e5d	00481d00	data
00481ee8	00481d00	data
00482f30	00482ec0	data
00482f58	00482ec0	data
00482f68	00482ec0	data
00482f78	00482ec0	data
00482f88	00482ec0	data
00482f98	00482ec0	data
00482fa8	00482ec0	data
00483012	00482ec0	data
00483289	00482ec0	data
004832b7	00482ec0	data
004832e5	00482ec0	data
00483313	00482ec0	data
0048333d	00482ec0	data
00483367	00482ec0	data
00483a77	00483a10	data
00483ae3	00483a10	data
00483aff	00483a10	data
00483b14	00483a10	data
00483b20	00483a10	data
00483b32	00483a10	data
00484dd4	00484d70	data
00484e51	00484d70	data
00484e75	00484d70	data
00484e9a	00484d70	data
00484ebd	00484d70	data
00484ee0	00484d70	data
00484f03	00484d70	data
00484f26	00484d70	data
00484f5b	00484d70	data
00484f75	00484d70	data
00484fd1	00484d70	data
00485028	00484d70	data
004895d6	004895c0	data
004895f4	004895c0	data
00489612	004895c0	data
00489630	004895c0	data
00489665	004895c0	data
0048969a	004895c0	data
004896cc	004895c0	data
004896fe	004895c0	data
0048972e	004895c0	data
00489763	004895c0	data
0048977b	004895c0	data
00489793	004895c0	data
004897ab	004895c0	data
004897c3	004895c0	data
004897db	004895c0	data
0048addc	0048abf0	data
0048aeaf	0048abf0	data
0048aedb	0048abf0	data
0048aefa	0048abf0	data
0048af10	0048abf0	data
0048af12	0048abf0	data
004909c2	004909bd	branch
004909e2	004909bd	branch
004a2e1c	004a2c70	data
004a2e23	004a2c70	data
004a2e2a	004a2c70	data
004a2e31	004a2c70	data
004a2e38	004a2c70	data
004a2e3f	004a2c70	data
004a2e4b	004a2c70	data
004a3082	004a2c70	data
004a3089	004a2c70	data
004a3090	004a2c70	data
004a3097	004a2c70	data
004a309e	004a2c70	data
004a30a5	004a2c70	data
004a30b1	004a2c70	data
004a3325	004a2c70	data
004a332c	004a2c70	data
004a3333	004a2c70	data
004a333a	004a2c70	data
004a3341	004a2c70	data
004a3348	004a2c70	data
004a3354	004a2c70	data
004a35d5	004a34e0	data
004a35dc	004a34e0	data
004a35e3	004a34e0	data
004a35ea	004a34e0	data
004a35f1	004a34e0	data
004a35f8	004a34e0	data
004a3604	004a34e0	data
004ab9ef	004ab980	data
004abadb	004ab980	data
004abb8b	004ab980	data
004b1363	004b10d0	data
004b137a	004b10d0	data
004b1398	004b10d0	data
004b13a4	004b10d0	data
004b13ba	004b10d0	data
004b149f	004b10d0	data
004b172f	004b10d0	data
004b1894	004b10d0	data
004b18bb	004b10d0	data
004b1929	004b10d0	data
004b1a23	004b10d0	data
004b1b3a	004b10d0	data
004b1c41	004b10d0	data
004b1c49	004b10d0	data
004b1c71	004b10d0	data
004b1c95	004b10d0	data
004b2076	004b10d0	data
004b3a33	004b3820	data
004b3a41	004b3820	data
004b3a4f	004b3820	data
004b3a5d	004b3820	data
004b3a6a	004b3820	data
004b3a77	004b3820	data
004b3a94	004b3820	data
004b3aa0	004b3820	data
004b3aac	004b3820	data
004b3ab8	004b3820	data
004b3ac6	004b3820	data
004b3ad4	004b3820	data
004b3cea	004b3ca0	data
004b3d14	004b3ca0	data
004b3d3e	004b3ca0	data
004b3d68	004b3ca0	data
004b3d92	004b3ca0	data
004b3dbc	004b3ca0	data
004b3de6	004b3ca0	data
004b3e10	004b3ca0	data
004b3e3a	004b3ca0	data
004b3ea5	004b3ca0	data
004b3eec	004b3ca0	data
004b6698	004b6090	data
004b66a8	004b6090	data
004b66ba	004b6090	data
004b66ea	004b6090	data
004b66f4	004b6090	data
004b6700	004b6090	data
004b6b2d	004b6870	data
004b6b53	004b6870	data
004b6b79	004b6870	data
004b6b9f	004b6870	data
004b6bc5	004b6870	data
004b6beb	004b6870	data
004b6c11	004b6870	data
004b6c37	004b6870	data
004b6c5d	004b6870	data
004b6c83	004b6870	data
004b6ca9	004b6870	data
004b6ccf	004b6870	data
004b6cf5	004b6870	data
004b6d1b	004b6870	data
004b6d41	004b6870	data
004b6d67	004b6870	data
004b6d8d	004b6870	data
004b6d97	004b6870	data
004b6dbd	004b6870	data
004b6dd0	004b6870	data
004b7830	004b74e0	data
004b7851	004b74e0	data
004b7887	004b74e0	data
004b78bd	004b74e0	data
004b78d7	004b74e0	data
004b7950	004b74e0	data
004b7cf4	004b74e0	data
004b7e5c	004b74e0	data
004b8182	004b74e0	data
004b91f6	004b90d0	data
004b9240	004b90d0	data
004b9438	004b90d0	data
004b9449	004b90d0	data
004b9452	004b90d0	data
004b945b	004b90d0	data
004b9464	004b90d0	data
004b94e0	004b90d0	data
004b992b	004b90d0	data
004ba296	004ba270	data
004ba313	004ba270	data
004ba37c	004ba270	data
004ba3a5	004ba270	data
004bbdab	004bb9e0	data
004bbdeb	004bb9e0	data
004bbe15	004bb9e0	data
004bbe6a	004bb9e0	data
004bbe8c	004bb9e0	data
004bbf24	004bb9e0	data
004bc05b	004bb9e0	data
004bc380	004bc350	data
004bc39e	004bc350	data
004bc3ac	004bc350	data
004bc45a	004bc350	data
004bc928	004bc350	data
004bcc76	004bcc60	data
004bcc8a	004bcc60	data
004bcc9e	004bcc60	data
004bd1b5	004bcf30	data
004be268	004bd4a0	data
004be44d	004bd4a0	data
004be47d	004bd4a0	data
004be4ad	004bd4a0	data
004be4dd	004bd4a0	data
004be50a	004bd4a0	data
004be53a	004bd4a0	data
004be57c	004bd4a0	data
004bef6d	004beea0	data
004bf01e	004beea0	data
004bf0be	004beea0	data
004bf0e1	004beea0	data
004bf1ec	004beea0	data
004bf20d	004beea0	data
004bf226	004beea0	data
004bf6ec	004bf320	data
004bf71d	004bf320	data
004bf73f	004bf320	data
004bf7eb	004bf320	data
004c19ba	004c1730	data
004c19bf	004c1730	data
004c19c4	004c1730	data
004c19c9	004c1730	data
004c2dea	004c2ca0	data
004c2f71	004c2ca0	data
004c308f	004c2ca0	data
004c30ab	004c2ca0	data
004c59cd	004c56a0	data
004c59f0	004c56a0	data
004c5a0e	004c56a0	data
004c5af4	004c56a0	data
004c5b1c	004c56a0	data
004c5b44	004c56a0	data
004c5b63	004c56a0	data
004c5b75	004c56a0	data
004c5b99	004c56a0	data
004c5dfc	004c56a0	data
004c5e32	004c56a0	data
004c5e68	004c56a0	data
004c5e9e	004c56a0	data
004c5ed4	004c56a0	data
004c6544	004c56a0	data
004c7609	004c75e0	data
004c775a	004c75e0	data
004c777f	004c75e0	data
004c7796	004c75e0	data
004c77ad	004c75e0	data
004c8323	004c8290	data
004c838a	004c8290	data
004c83b2	004c8290	data
004c8488	004c8290	data
004c8ca8	004c86c0	data
004c8ceb	004c86c0	data
004c8d59	004c86c0	data
004c8df1	004c86c0	data
004c8e89	004c86c0	data
004c8f2f	004c86c0	data
004c9010	004c86c0	data
004c9048	004c86c0	data
004c9085	004c86c0	data
004c918a	004c86c0	data
004ca9ad	004ca980	data
004ca9cf	004ca980	data
004ca9f9	004ca980	data
004caa20	004ca980	data
004caa46	004ca980	data
004caa6d	004ca980	data
004caa92	004ca980	data
004cb4cc	004cb4a0	data
004cb4e4	004cb4a0	data
004cb4fc	004cb4a0	data
004cb519	004cb4a0	data
004cb536	004cb4a0	data
004cb563	004cb4a0	data
004cb590	004cb4a0	data
004cb5bd	004cb4a0	data
004cb66c	004cb4a0	data
004cba21	004cb9f0	data
004cba34	004cb9f0	data
004cba43	004cb9f0	data
004cba56	004cb9f0	data
004cba69	004cb9f0	data
004cba78	004cb9f0	data
004cba88	004cb9f0	data
004ce164	004ce070	data
004ce17a	004ce070	data
004ce190	004ce070	data
004ce1a6	004ce070	data
004ce1bc	004ce070	data
004ce1d2	004ce070	data
004ce1eb	004ce070	data
004ce202	004ce070	data
004ce218	004ce070	data
004ce22e	004ce070	data
004ce244	004ce070	data
004ce25a	004ce070	data
004ce272	004ce070	data
004ce28a	004ce070	data
004ce2a2	004ce070	data
004ce2b8	004ce070	data
004ce2ce	004ce070	data
004ce2e4	004ce070	data
004ce2fa	004ce070	data
004ce310	004ce070	data
004ce3cb	004ce380	data
004ce435	004ce380	data
004ce4a7	004ce380	data
004ce556	004ce380	data
004ce76c	004ce380	data
004ce960	004ce820	data
004ce97c	004ce820	data
004ce99b	004ce820	data
004ce9bd	004ce820	data
004ceb1a	004ce820	data
004ceb48	004ce820	data
004cecf6	004cecc0	data
004ced08	004cecc0	data
004ced1a	004cecc0	data
004ced48	004cecc0	data
004cee3f	004cecc0	data
004cef7d	004cecc0	data
004cefae	004cecc0	data
004cefd5	004cecc0	data
004ceffc	004cecc0	data
004cf03b	004cecc0	data
004cf055	004cecc0	data
004cf72d	004cf700	data
004cf737	004cf700	data
004cf741	004cf700	data
004cf74b	004cf700	data
004cf755	004cf700	data
004cf75f	004cf700	data
004cf769	004cf700	data
004cf773	004cf700	data
004cf77d	004cf700	data
004cf787	004cf700	data
004cf791	004cf700	data
004cf79b	004cf700	data
004cf7c1	004cf700	data
004d013d	004d0040	data
004d01bc	004d0040	data
004d01d3	004d0040	data
004d0205	004d0040	data
004d024f	004d0040	data
004d029e	004d0040	data
004d032a	004d0040	data
004d072a	004d0420	data
004d0759	004d0420	data
004d0788	004d0420	data
004d07ce	004d0420	data
004d07e9	004d0420	data
004d083a	004d0420	data
004d0850	004d0420	data
004d088c	004d0420	data
004d08ce	004d0420	data
004d090e	004d0420	data
004d205f	004d1d60	data
004d207e	004d1d60	data
004d20a8	004d1d60	data
004d20cc	004d1d60	data
004d20f0	004d1d60	data
004d2134	004d1d60	data
004d215a	004d1d60	data
004d2186	004d1d60	data
004d21a9	004d1d60	data
004d21cc	004d1d60	data
004d21e8	004d1d60	data
004d2d1c	004d2a60	data
004d2d6e	004d2a60	data
004d2d77	004d2a60	data
004d2d7f	004d2a60	data
004d2d8a	004d2a60	data
004d2d95	004d2a60	data
004d2d9e	004d2a60	data
004d2da7	004d2a60	data
004d2db0	004d2a60	data
004d2fa0	004d2a60	data
004d31cd	004d30c0	data
004d3204	004d30c0	data
004d325e	004d30c0	data
004d32cd	004d30c0	data
004d333a	004d30c0	data
004d34a8	004d30c0	data
004d34c6	004d30c0	data
004d34f1	004d30c0	data
004d3534	004d30c0	data
004d3577	004d30c0	data
004d3988	004d38c0	data
004d39c9	004d38c0	data
004d3a42	004d38c0	data
004d3ab6	004d38c0	data
004d3b27	004d38c0	data
004d3c52	004d38c0	data
004d3c67	004d38c0	data
004d3c7c	004d38c0	data
004d3caf	004d38c0	data
004d3ce2	004d38c0	data
004d42d8	004d42b0	data
004d431e	004d42b0	data
004d4347	004d42b0	data
004d4370	004d42b0	data
004d4399	004d42b0	data
004d43c2	004d42b0	data
004d43eb	004d42b0	data
004d4414	004d42b0	data
004d4423	004d42b0	data
004d4593	004d4560	data
004d45a0	004d4560	data
004d45ad	004d4560	data
004d45ba	004d4560	data
004d45c7	004d4560	data
004d45d4	004d4560	data
004d45e1	004d4560	data
004d45ee	004d4560	data
004d46d0	004d4560	data
004d46f1	004d4560	data
004d4f6c	004d4d10	data
004d5125	004d4d10	data
004d5345	004d4d10	data
004d5527	004d54d0	data
004d5532	004d54d0	data
004d553e	004d54d0	data
004d554a	004d54d0	data
004d5556	004d54d0	data
004d5562	004d54d0	data
004d556e	004d54d0	data
004d557a	004d54d0	data
004d5a10	004d59e0	data
004d5a53	004d59e0	data
004d5a68	004d59e0	data
004d5a76	004d59e0	data
004d70af	004d7060	data
004d70d0	004d7060	data
004d70e8	004d7060	data
004d70f9	004d7060	data
004d7104	004d7060	data
004d7aa9	004d7980	data
004d7aad	004d7980	data
004d7ab4	004d7980	data
004d7abb	004d7980	data
004d7b5a	004d7980	data
004d7b9b	004d7980	data
004d7ba1	004d7980	data
004d7ba8	004d7980	data
004d7c74	004d7980	data
004d82ba	004d8120	data
004d82c6	004d8120	data
004d82de	004d8120	data
004d82e7	004d8120	data
004d82f0	004d8120	data
004d8307	004d8120	data
004d831e	004d8120	data
004d833c	004d8120	data
004d89a0	004d88f0	data
004d89d9	004d88f0	data
004d8a74	004d88f0	data
004d8abe	004d88f0	data
004d8bab	004d88f0	data
004d8dc8	004d8d50	data
004d8dd8	004d8d50	data
004d8de8	004d8d50	data
004d8df8	004d8d50	data
004d8e08	004d8d50	data
004d8e18	004d8d50	data
004d8e28	004d8d50	data
004d8e38	004d8d50	data
004d8e48	004d8d50	data
004d9225	004d8ea0	data
004d922d	004d8ea0	data
004d9236	004d8ea0	data
004d923f	004d8ea0	data
004d9277	004d8ea0	data
004d927f	004d8ea0	data
004d9288	004d8ea0	data
004d9291	004d8ea0	data
004daa34	004da9a0	data
004daa50	004da9a0	data
004daa6c	004da9a0	data
004daa88	004da9a0	data
004daaa4	004da9a0	data
004daac0	004da9a0	data
004daadc	004da9a0	data
004daaf8	004da9a0	data
004dab14	004da9a0	data
004db279	004db120	data
004db289	004db120	data
004db296	004db120	data
004db2a3	004db120	data
004db2b0	004db120	data
004db2bd	004db120	data
004db2ca	004db120	data
004db2d7	004db120	data
004db2e4	004db120	data
004db2f1	004db120	data
004db2fe	004db120	data
004db35d	004db120	data
004db36a	004db120	data
004db377	004db120	data
004db384	004db120	data
004db3ab	004db120	data
004db3b8	004db120	data
004db3c5	004db120	data
004db3d2	004db120	data
004dbbfd	004dbb80	data
004dbc1e	004dbb80	data
004dbc48	004dbb80	data
004dbc5c	004dbb80	data
004dbc70	004dbb80	data
004dbd68	004dbb80	data
004dbd6e	004dbb80	data
004dbd82	004dbb80	data
004dbd96	004dbb80	data
004dbdaa	004dbb80	data
004dbdf7	004dbb80	data
004dbe7a	004dbb80	data
004dbeeb	004dbb80	data
004dbf7f	004dbb80	data
004dbf93	004dbb80	data
004dbfca	004dbb80	data
004dbfee	004dbb80	data
004dc833	004dc7f0	data
004dc8a1	004dc7f0	data
004dc909	004dc7f0	data
004dc923	004dc7f0	data
004dc9cd	004dc7f0	data
004dcb20	004dc7f0	data
004dcba0	004dc7f0	data
004dd64c	004dd630	data
004dd65e	004dd630	data
004dd670	004dd630	data
004dd682	004dd630	data
004dd694	004dd630	data
004dd6a6	004dd630	data
004dd6b8	004dd630	data
004dd6c9	004dd630	data
004dd982	004dd950	data
004dd99c	004dd950	data
004dd9b6	004dd950	data
004dd9d0	004dd950	data
004dd9ea	004dd950	data
004dda04	004dd950	data
004dda1e	004dd950	data
004dda38	004dd950	data
004dda52	004dd950	data
004dda6c	004dd950	data
004dda86	004dd950	data
004ddaa0	004dd950	data
004ddaba	004dd950	data
004ddad1	004dd950	data
004ddae4	004dd950	data
004ddaf7	004dd950	data
004ddb0a	004dd950	data
004ddb1d	004dd950	data
004ddb30	004dd950	data
004ddb4a	004dd950	data
004ddce2	004ddbd0	data
004ddce7	004ddbd0	data
004ddcec	004ddbd0	data
004ddcf4	004ddbd0	data
004ddcfa	004ddbd0	data
004ddd16	004ddbd0	data
004ddd1f	004ddbd0	data
004ddd6d	004ddbd0	data
004ddd8d	004ddbd0	data
004dddad	004ddbd0	data
004dddd0	004ddbd0	data
004dddf0	004ddbd0	data
004dde10	004ddbd0	data
004dde30	004ddbd0	data
004dde53	004ddbd0	data
004dde73	004ddbd0	data
004dde96	004ddbd0	data
004ddeb6	004ddbd0	data
004dded9	004ddbd0	data
004ddefc	004ddbd0	data
004ddf1f	004ddbd0	data
004ddf3b	004ddbd0	data
004ddf57	004ddbd0	data
004ddf73	004ddbd0	data
004ddf8f	004ddbd0	data
004ddfab	004ddbd0	data
004ddfad	004ddbd0	data
004de0dc	004de0c0	data
004de0e4	004de0c0	data
004de16c	004de140	data
004de199	004de140	data
004de216	004de140	data
004de236	004de140	data
004de249	004de140	data
004de2bc	004de140	data
004de308	004de140	data
004de33d	004de140	data
004de372	004de140	data
004de48d	004de140	data
004de4dc	004de140	data
004de565	004de140	data
004de59a	004de140	data
004de5cf	004de140	data
004de625	004de140	data
004de65e	004de140	data
004de697	004de140	data
004de70f	004de140	data
004de7a2	004de140	data
004de7ca	004de140	data
004de826	004de140	data
004de83d	004de140	data
004de857	004de140	data
004de871	004de140	data
004de88b	004de140	data
004de8a5	004de140	data
004de8ee	004de140	data
004de900	004de140	data
004df0cd	004de140	data
004df7ae	004de140	data
004dfdb9	004dfda0	data
004dfdc2	004dfda0	data
004dfeb0	004dfe50	data
004dfefe	004dfe50	data
004dff5c	004dfe50	data
004dffd0	004dfe50	data
004e0014	004dfe50	data
004e0072	004dfe50	data
004e00c0	004dfe50	data
004e01ac	004dfe50	data
004e01bb	004dfe50	data
004e030f	004e0210	data
004e0318	004e0210	data
004e0321	004e0210	data
004e032a	004e0210	data
004e03e1	004e0210	data
004e03ef	004e0210	data
004e03fd	004e0210	data
004e040b	004e0210	data
004e04ce	004e0210	data
004e05bf	004e0210	data
004e0bf7	004e0ba0	data
004e0bfe	004e0ba0	data
004e0c07	004e0ba0	data
004e0c17	004e0ba0	data
004e0c35	004e0ba0	data
004e0ff5	004e0e90	data
004e0ffc	004e0e90	data
004e1003	004e0e90	data
004e1028	004e0e90	data
004e102f	004e0e90	data
004e1075	004e0e90	data
004e1114	004e0e90	data
004e1135	004e0e90	data
004e129c	004e0e90	data
004e1346	004e0e90	data
004e3aad	004e3a80	data
004e3ac4	004e3a80	data
004e3adb	004e3a80	data
004e3b04	004e3a80	data
004e3b1f	004e3a80	data
004e3b3a	004e3a80	data
004e3b55	004e3a80	data
004e3f9d	004e3b70	data
004e3faa	004e3b70	data
004e3fbb	004e3b70	data
004e3fc3	004e3b70	data
004e3fcb	004e3b70	data
004e3fd3	004e3b70	data
004e409e	004e3b70	data
004e42ff	004e3b70	data
004e4554	004e3b70	data
004e455f	004e3b70	data
004e456a	004e3b70	data
004e4575	004e3b70	data
004e4580	004e3b70	data
004e458b	004e3b70	data
004e4596	004e3b70	data
004e45a1	004e3b70	data
004e45ac	004e3b70	data
004e45c2	004e3b70	data
004e46b6	004e45d2	branch
004e472e	004e45d2	data
004e4799	004e45d2	data
004e47f1	004e45d2	data
004e4844	004e45d2	data
004e489b	004e45d2	data
004e48b7	004e45d2	branch
004e5d6e	004e5a70	data
004e5d82	004e5a70	data
004e5db7	004e5a70	data
004e5dec	004e5a70	data
004e5e6f	004e5a70	data
004e6b9e	004e68e0	data
004e6ba5	004e68e0	data
004e6bae	004e68e0	data
004e6bb7	004e68e0	data
004e70cf	004e6ef0	data
004e70f5	004e6ef0	data
004e710c	004e6ef0	data
004e7123	004e6ef0	data
004e748e	004e6ef0	data
004e74ac	004e6ef0	data
004e74b9	004e6ef0	data
004e74c6	004e6ef0	data
004e7b0f	004e7670	data
004e7b2e	004e7670	data
004e7b51	004e7670	data
004e7b74	004e7670	data
004e7b97	004e7670	data
004e7bba	004e7670	data
004e7bc9	004e7670	data
004e7bec	004e7670	data
004e7c23	004e7670	data
004e85e2	004e8270	data
004e8603	004e8270	data
004e8622	004e8270	data
004e8645	004e8270	data
004e8664	004e8270	data
004e8683	004e8270	data
004e8ed1	004e8bb0	data
004e8ef4	004e8bb0	data
004e8f1c	004e8bb0	data
004e8f40	004e8bb0	data
004e8f61	004e8bb0	data
004e8f82	004e8bb0	data
004e967d	004e9460	data
004e9697	004e9460	data
004e96bb	004e9460	data
004e96df	004e9460	data
004e9700	004e9460	data
004ea2de	004ea060	data
004ea30f	004ea060	data
004ea347	004ea060	data
004ea37f	004ea060	data
004ea3b0	004ea060	data
004ea3e3	004ea060	data
004ea416	004ea060	data
004ea449	004ea060	data
004ea47a	004ea060	data
004ea4ab	004ea060	data
004ea4e3	004ea060	data
004ea51b	004ea060	data
004ea553	004ea060	data
004ea5ce	004ea060	data
004edf24	004ede80	data
004edf63	004ede80	data
004edf99	004ede80	data
004edff6	004ede80	data
004ef23c	004ef200	data
004ef309	004ef200	data
004ef34f	004ef200	data
004ef392	004ef200	data
004ef43b	004ef200	data
004ef472	004ef200	data
004ef4a9	004ef200	data
004ef4f5	004ef200	data
004ef554	004ef200	data
004ef581	004ef200	data
004ef59f	004ef200	data
004ef5bf	004ef200	data
004ef5df	004ef200	data
004ef62f	004ef200	data
004ef64f	004ef200	data
004ef66f	004ef200	data
004ef68f	004ef200	data
004ef6af	004ef200	data
004ef6cf	004ef200	data
004ef899	004ef200	data
004ef8b3	004ef200	data
004ef8ee	004ef200	data
004ef97e	004ef960	data
004ef9ce	004ef960	data
004efa4c	004ef960	data
004efa89	004ef960	data
004efb38	004ef960	data
004efb9f	004ef960	data
004efbb8	004ef960	data
004efbd1	004ef960	data
004efbea	004ef960	data
004efd31	004ef960	data
004f0678	004f03f0	data
004f06dd	004f03f0	data
004f0777	004f03f0	data
004f0786	004f03f0	data
004f08b2	004f03f0	data
004f08d3	004f03f0	data
004f0940	004f03f0	data
004f09b9	004f03f0	data
004f09c8	004f03f0	data
004f0a1d	004f03f0	data
004f0a3d	004f03f0	data
004f0a85	004f03f0	data
004f0a9b	004f03f0	data
004f0ab2	004f03f0	data
004f0acd	004f03f0	data
004f0ae4	004f03f0	data
004f0afa	004f03f0	data
004f0c58	004f03f0	data
004f0ce6	004f03f0	data
004f0d36	004f03f0	data
004f0d55	004f03f0	data
004f0d8c	004f03f0	data
004f0ec5	004f03f0	data
004f0f27	004f03f0	data
004f1044	004f03f0	data
004f10d2	004f03f0	data
004f1108	004f03f0	data
004f113e	004f03f0	data
004f4ae2	004f4ac0	data
004f4ce5	004f4ac0	data
004f4cee	004f4ac0	data
004f4e52	004f4ac0	data
004f6a8d	004f6a60	data
004f6a9a	004f6a60	data
004f6aa1	004f6a60	data
004f6aa8	004f6a60	data
004f6aaf	004f6a60	data
004f6ab6	004f6a60	data
004f6b0d	004f6a60	data
004f74d0	004f6f50	data
004f74f3	004f6f50	data
004f7518	004f6f50	data
004f753d	004f6f50	data
004f7560	004f6f50	data
004f75d7	004f6f50	data
004f75fa	004f6f50	data
004f764b	004f6f50	data
004f766f	004f6f50	data
004f7693	004f6f50	data
004f770c	004f6f50	data
004f772f	004f6f50	data
004f77c5	004f6f50	data
004f77e3	004f6f50	data
004f7b4f	004f6f50	data
004f989b	004f8bb0	data
004f98ea	004f8bb0	data
004fee17	004fede0	data
004feeae	004fede0	data
004fef4c	004fede0	data
004fefe9	004fede0	data
004ff043	004fede0	data
004ff09d	004fede0	data
004ff0dc	004fede0	data
004ff13d	004fede0	data
004ff19b	004fede0	data
004ff1fd	004fede0	data
004ff23c	004fede0	data
004ff278	004fede0	data
004ff2b4	004fede0	data
004ff316	004fede0	data
004ff389	004fede0	data
004ff3fc	004fede0	data
004ff475	004fede0	data
004ff547	004ff510	data
004ff560	004ff510	data
004ff56e	004ff510	data
004ff58a	004ff510	data
004ff5b6	004ff510	data
004ff5e6	004ff510	data
004ff637	004ff510	data
004ff667	004ff510	data
004ff697	004ff510	data
004ff6c7	004ff510	data
004ff6f7	004ff510	data
004ff727	004ff510	data
004ff757	004ff510	data
004ff796	004ff510	data
004ff7c6	004ff510	data
004ff84e	004ff510	data
004ff8d1	004ff510	data
004ff98a	004ff510	data
004ff9f7	004ff510	data
004ffa50	004ff510	data
004ffacd	004ff510	data
004ffafb	004ff510	data
004ffb64	004ff510	data
004ffbc6	004ff510	data
004ffd10	004ff510	data
004ffe72	004ff510	data
004ffea4	004ff510	data
004ffeff	004ff510	data
004fff2d	004ff510	data
004fff59	004ff510	data
004fff85	004ff510	data
004fffde	004ff510	data
0050000a	004ff510	data
00500036	004ff510	data
0050006c	004ff510	data
0050009c	004ff510	data
005000cc	004ff510	data
005000fc	004ff510	data
0050012b	004ff510	data
00500186	004ff510	data
005004cd	00500410	data
005004e2	00500410	data
005004f7	00500410	data
0050050c	00500410	data
00500521	00500410	data
00500536	00500410	data
0050054b	00500410	data
00500560	00500410	data
00500577	00500410	data
0050058c	00500410	data
005005a1	00500410	data
005005b6	00500410	data
005005cb	00500410	data
00502c30	00502c00	data
00502c3f	00502c00	data
00502c56	00502c00	data
00502c6c	00502c00	data
00502c70	00502c00	data
00502c7c	00502c00	data
00502c9f	00502c00	data
00502cae	00502c00	data
005033c4	00503334	data
00503450	00503426	data
00503563	00503538	data
00503574	00503538	data
00503585	00503538	data
0050359f	00503538	data
005035c7	00503538	data
005035ce	00503538	data
0050364e	00503538	data
0050365f	00503538	data
0050366a	00503538	data
00503680	00503538	data
0050368b	00503538	data
0050369f	00503538	data
005036f2	00503538	data
00503703	00503538	data
00503714	00503538	data
00503747	00503538	data
005037a5	00503538	data
005037b6	00503538	data
005037f6	00503538	data
00503835	00503538	data
005038b5	00503538	data
005038f6	00503538	data
00503911	00503538	data
0050392e	00503538	data
0050394c	00503538	data
00503975	00503538	data
00503a53	00503538	data
00503a64	00503538	branch
00503b40	00503538	data
00503b51	00503538	data
00503b7e	00503538	data
00503b8d	00503538	data
00503bbb	00503538	data
00504341	005042c0	data
00505f58	00505e50	data
005062a8	00505e50	data
005062e6	00505e50	data
00506324	00505e50	data
00506392	00505e50	data
005071ff	005071e0	data
00507241	005071e0	data
0050725f	005071e0	data
00507286	005071e0	data
00507304	005071e0	data
00508e35	00508bb0	data
00508e43	00508bb0	data
00508e47	00508bb0	data
00508e55	00508bb0	data
00508e63	00508bb0	data
00508e67	00508bb0	data
00508e75	00508bb0	data
00508e83	00508bb0	data
00509087	00508bb0	data
0050921c	005091b0	data
0050924f	005091b0	data
005092b2	005091b0	data
0050937b	005091b0	data
00509ad5	005091b0	data
00509b13	005091b0	data
00509b6c	005091b0	data
00509bc5	005091b0	data
0050a32d	00509d80	data
0050a33b	00509d80	data
0050a349	00509d80	data
0050a357	00509d80	data
0050a365	00509d80	data
0050aca2	0050a730	data
0050acbc	0050a730	data
0050acc5	0050a730	data
0050acce	0050a730	data
0050b000	0050ae50	data
0050b1e2	0050ae50	data
0050b310	0050ae50	data
0050b394	0050ae50	data
0050b55a	0050ae50	data
0050b7a5	0050ae50	data
0050e5f2	0050e5c0	data
0050e61a	0050e5c0	data
0050e727	0050e5c0	data
0050e735	0050e5c0	data
0050e773	0050e5c0	data
0050ea6b	0050e5c0	data
0050eab5	0050e5c0	data
0050ead1	0050e5c0	data
0050eb00	0050e5c0	data
0050eb2f	0050e5c0	data
0050f4b8	0050e5c0	data
00512920	00512160	data
0051295d	00512160	data
00512a00	00512160	data
00512a34	00512160	data
00512a4c	00512160	data
00513a0c	005137d0	data
00513a23	005137d0	data
00513a3a	005137d0	data
00513a51	005137d0	data
005148f8	005148a0	data
00514c1b	005148a0	data
00514c2f	005148a0	data
00514c45	005148a0	data
00514ca8	005148a0	data
00514d8f	005148a0	data
00514f32	005148a0	data
00514f76	005148a0	data
00514fd8	005148a0	data
00514fed	005148a0	data
00515002	005148a0	data
00515055	005148a0	data
005150d2	005148a0	data
0051514f	005148a0	data
0051522a	005148a0	data
005155e5	005148a0	data
0051560f	005148a0	data
005156db	005148a0	data
00518e80	00518de0	data
00518e86	00518de0	data
00518e8c	00518de0	data
00518e92	00518de0	data
00518e98	00518de0	data
00518e9e	00518de0	data
00518ea4	00518de0	data
00519002	00518fa0	data
005190df	00518fa0	data
0051917f	00518fa0	data
005191e0	00518fa0	data
0051927d	00518fa0	data
00519292	00518fa0	data
00519416	005193f0	data
005194d4	005193f0	data
005194da	005193f0	data
005194e0	005193f0	data
005194e6	005193f0	data
005194ec	005193f0	data
005194f2	005193f0	data
0051951b	005193f0	data
00519521	005193f0	data
00519527	005193f0	data
0051952d	005193f0	data
00519533	005193f0	data
00519539	005193f0	data
0051953f	005193f0	data
00519545	005193f0	data
0051954b	005193f0	data
00519551	005193f0	data
00519557	005193f0	data
0051955d	005193f0	data
0051957f	005193f0	data
00519585	005193f0	data
0051958b	005193f0	data
00519591	005193f0	data
00519597	005193f0	data
0051959d	005193f0	data
005195a3	005193f0	data
005195a9	005193f0	data
005195af	005193f0	data
005195b5	005193f0	data
005195bb	005193f0	data
005195c1	005193f0	data
005195c7	005193f0	data
005195cd	005193f0	data
005195d3	005193f0	data
005195d9	005193f0	data
005195df	005193f0	data
005195e5	005193f0	data
005195eb	005193f0	data
005195f1	005193f0	data
005195f7	005193f0	data
005195fd	005193f0	data
00519603	005193f0	data
00519609	005193f0	data
0051960f	005193f0	data
00519635	005193f0	data
0051963b	005193f0	data
00519641	005193f0	data
00519647	005193f0	data
0051964d	005193f0	data
00519653	005193f0	data
00519659	005193f0	data
0051967b	005193f0	data
00519681	005193f0	data
00519687	005193f0	data
0051968d	005193f0	data
00519693	005193f0	data
00519699	005193f0	data
0051969f	005193f0	data
005196a5	005193f0	data
005196ab	005193f0	data
005196b1	005193f0	data
005196b7	005193f0	data
005196bd	005193f0	data
005196c3	005193f0	data
005196c9	005193f0	data
005196cf	005193f0	data
005196d5	005193f0	data
005196db	005193f0	data
005196e1	005193f0	data
005196e7	005193f0	data
005196ed	005193f0	data
005196f3	005193f0	data
005196f9	005193f0	data
005196ff	005193f0	data
00519705	005193f0	data
0051970b	005193f0	data
00519711	005193f0	data
00519717	005193f0	data
0051971d	005193f0	data
00519723	005193f0	data
00519729	005193f0	data
0051972f	005193f0	data
00519735	005193f0	data
0051973b	005193f0	data
00519741	005193f0	data
00519747	005193f0	data
0051974d	005193f0	data
0051989b	005193f0	data
005198a1	005193f0	data
005198a7	005193f0	data
005198ad	005193f0	data
005198b3	005193f0	data
005198b9	005193f0	data
005198bf	005193f0	data
005198c5	005193f0	data
005198cb	005193f0	data
005198d1	005193f0	data
005198d7	005193f0	data
005198dd	005193f0	data
005198e3	005193f0	data
005198e9	005193f0	data
005198ef	005193f0	data
005198f5	005193f0	data
005198fb	005193f0	data
00519924	005193f0	data
0051992a	005193f0	data
00519930	005193f0	data
00519936	005193f0	data
0051993c	005193f0	data
00519942	005193f0	data
00519948	005193f0	data
0051994e	005193f0	data
00519954	005193f0	data
0051995a	005193f0	data
00519960	005193f0	data
00519966	005193f0	data
0051996c	005193f0	data
00519972	005193f0	data
00519978	005193f0	data
0051997e	005193f0	data
00519984	005193f0	data
0051998a	005193f0	data
00519990	005193f0	data
00519996	005193f0	data
0051999c	005193f0	data
005199a2	005193f0	data
005199a8	005193f0	data
005199ae	005193f0	data
005199b4	005193f0	data
005199ba	005193f0	data
005199c0	005193f0	data
005199c6	005193f0	data
005199cc	005193f0	data
005199d2	005193f0	data
005199d8	005193f0	data
005199de	005193f0	data
005199e4	005193f0	data
005199ea	005193f0	data
00519a1e	005193f0	data
00519a24	005193f0	data
00519a2a	005193f0	data
00519a30	005193f0	data
00519a36	005193f0	data
00519a3c	005193f0	data
00519a42	005193f0	data
00519a48	005193f0	data
00519a4e	005193f0	data
00519a54	005193f0	data
00519a5a	005193f0	data
00519a60	005193f0	data
00519a66	005193f0	data
00519a6c	005193f0	data
00519a72	005193f0	data
00519a78	005193f0	data
00519a7e	005193f0	data
00519a84	005193f0	data
00519a8a	005193f0	data
00519a90	005193f0	data
00519a96	005193f0	data
00519a9c	005193f0	data
00519aa2	005193f0	data
00519abe	005193f0	data
00519ac4	005193f0	data
00519aca	005193f0	data
00519ad0	005193f0	data
00519ad6	005193f0	data
00519adc	005193f0	data
00519ae2	005193f0	data
00519ae8	005193f0	data
00519aee	005193f0	data
00519af4	005193f0	data
00519afa	005193f0	data
00519b00	005193f0	data
00519b06	005193f0	data
00519b0c	005193f0	data
00519b12	005193f0	data
00519b18	005193f0	data
00519b1e	005193f0	data
00519b24	005193f0	data
00519b2a	005193f0	data
00519b30	005193f0	data
00519b36	005193f0	data
00519b3c	005193f0	data
00519b42	005193f0	data
00519c60	005193f0	data
00519c66	005193f0	data
00519c6c	005193f0	data
00519c72	005193f0	data
00519c78	005193f0	data
00519c7e	005193f0	data
00519c84	005193f0	data
00519c8a	005193f0	data
00519c90	005193f0	data
00519c96	005193f0	data
00519c9c	005193f0	data
00519ca2	005193f0	data
00519ca8	005193f0	data
00519cca	005193f0	data
00519cd0	005193f0	data
00519cd6	005193f0	data
00519cdc	005193f0	data
00519ce2	005193f0	data
00519ce8	005193f0	data
00519cee	005193f0	data
00519cf4	005193f0	data
00519cfa	005193f0	data
00519d00	005193f0	data
00519d06	005193f0	data
00519d0c	005193f0	data
00519d12	005193f0	data
00519d18	005193f0	data
00519d1e	005193f0	data
00519d24	005193f0	data
00519d2a	005193f0	data
00519d30	005193f0	data
00519d36	005193f0	data
00519d3c	005193f0	data
00519d42	005193f0	data
00519d48	005193f0	data
00519d4e	005193f0	data
00519d54	005193f0	data
00519d5a	005193f0	data
00519d60	005193f0	data
00519d8a	005193f0	data
00519d90	005193f0	data
00519d96	005193f0	data
00519d9c	005193f0	data
00519da2	005193f0	data
00519da8	005193f0	data
00519dae	005193f0	data
00519db4	005193f0	data
00519dd0	005193f0	data
00519dd6	005193f0	data
00519ddc	005193f0	data
00519de2	005193f0	data
00519de8	005193f0	data
00519dee	005193f0	data
00519df4	005193f0	data
00519dfa	005193f0	data
00519e00	005193f0	data
00519e06	005193f0	data
00519e0c	005193f0	data
00519e12	005193f0	data
00519e18	005193f0	data
00519e1e	005193f0	data
00519e24	005193f0	data
00519e2a	005193f0	data
00519e30	005193f0	data
00519e36	005193f0	data
00519e3c	005193f0	data
00519e42	005193f0	data
00519e48	005193f0	data
00519e4e	005193f0	data
00519e54	005193f0	data
00519e5a	005193f0	data
00519f77	005193f0	data
00519f7d	005193f0	data
00519f83	005193f0	data
00519f89	005193f0	data
00519f8f	005193f0	data
00519f95	005193f0	data
00519f9b	005193f0	data
00519fa1	005193f0	data
00519fa7	005193f0	data
00519fad	005193f0	data
00519fb3	005193f0	data
00519fb9	005193f0	data
00519fdb	005193f0	data
00519fe1	005193f0	data
00519fe7	005193f0	data
00519fed	005193f0	data
00519ff3	005193f0	data
00519ff9	005193f0	data
00519fff	005193f0	data
0051a005	005193f0	data
0051a00b	005193f0	data
0051a011	005193f0	data
0051a017	005193f0	data
0051a01d	005193f0	data
0051a023	005193f0	data
0051a029	005193f0	data
0051a02f	005193f0	data
0051a035	005193f0	data
0051a03b	005193f0	data
0051a041	005193f0	data
0051a047	005193f0	data
0051a04d	005193f0	data
0051a053	005193f0	data
0051a059	005193f0	data
0051a05f	005193f0	data
0051a065	005193f0	data
0051a06b	005193f0	data
0051a071	005193f0	data
0051a09b	005193f0	data
0051a0a1	005193f0	data
0051a0a7	005193f0	data
0051a0ad	005193f0	data
0051a0b3	005193f0	data
0051a0b9	005193f0	data
0051a0bf	005193f0	data
0051a0c5	005193f0	data
0051a0e1	005193f0	data
0051a0e7	005193f0	data
0051a0ed	005193f0	data
0051a0f3	005193f0	data
0051a0f9	005193f0	data
0051a0ff	005193f0	data
0051a105	005193f0	data
0051a10b	005193f0	data
0051a111	005193f0	data
0051a117	005193f0	data
0051a11d	005193f0	data
0051a123	005193f0	data
0051a129	005193f0	data
0051a12f	005193f0	data
0051a135	005193f0	data
0051a13b	005193f0	data
0051a141	005193f0	data
0051a147	005193f0	data
0051a14d	005193f0	data
0051a153	005193f0	data
0051a159	005193f0	data
0051a176	005193f0	data
0051a17c	005193f0	data
0051a182	005193f0	data
0051a188	005193f0	data
0051a18e	005193f0	data
0051a194	005193f0	data
0051a19a	005193f0	data
0051a1a0	005193f0	data
0051a1a6	005193f0	data
0051a1ac	005193f0	data
0051a1b2	005193f0	data
0051a1b8	005193f0	data
0051a1be	005193f0	data
0051a1c4	005193f0	data
0051a1ca	005193f0	data
0051a1d0	005193f0	data
0051a1d6	005193f0	data
0051a1dc	005193f0	data
0051a1e2	005193f0	data
0051a1e8	005193f0	data
0051a1ee	005193f0	data
0051a1f4	005193f0	data
0051a1fa	005193f0	data
0051a200	005193f0	data
0051a206	005193f0	data
0051a20c	005193f0	data
0051a212	005193f0	data
0051a218	005193f0	data
0051a21e	005193f0	data
0051a224	005193f0	data
0051a22a	005193f0	data
0051a230	005193f0	data
0051a236	005193f0	data
0051a23c	005193f0	data
0051a242	005193f0	data
0051a248	005193f0	data
0051a24e	005193f0	data
0051a254	005193f0	data
0051a25a	005193f0	data
0051a260	005193f0	data
0051a266	005193f0	data
0051a26c	005193f0	data
0051a272	005193f0	data
0051a278	005193f0	data
0051a27e	005193f0	data
0051a284	005193f0	data
0051a28a	005193f0	data
0051a290	005193f0	data
0051a296	005193f0	data
0051a29c	005193f0	data
0051a2a2	005193f0	data
0051a2a8	005193f0	data
0051a2ae	005193f0	data
0051a2b4	005193f0	data
0051a2d1	005193f0	data
0051a2d7	005193f0	data
0051a2dd	005193f0	data
0051a2e3	005193f0	data
0051a2e9	005193f0	data
0051a2ef	005193f0	data
0051a2f5	005193f0	data
0051a2fb	005193f0	data
0051a301	005193f0	data
0051a307	005193f0	data
0051a30d	005193f0	data
0051a313	005193f0	data
0051a319	005193f0	data
0051a31f	005193f0	data
0051a325	005193f0	data
0051a32b	005193f0	data
0051a331	005193f0	data
0051a337	005193f0	data
0051a33d	005193f0	data
0051a343	005193f0	data
0051a349	005193f0	data
0051a34f	005193f0	data
0051a355	005193f0	data
0051a35b	005193f0	data
0051a361	005193f0	data
0051a367	005193f0	data
0051a36d	005193f0	data
0051a373	005193f0	data
0051a379	005193f0	data
0051a37f	005193f0	data
0051a385	005193f0	data
0051a38b	005193f0	data
0051a391	005193f0	data
0051a397	005193f0	data
0051a39d	005193f0	data
0051a3a3	005193f0	data
0051a3a9	005193f0	data
0051a3af	005193f0	data
0051a3b5	005193f0	data
0051a3bb	005193f0	data
0051a3c1	005193f0	data
0051a3c7	005193f0	data
0051a3cd	005193f0	data
0051a3d3	005193f0	data
0051a3d9	005193f0	data
0051a3df	005193f0	data
0051a3e5	005193f0	data
0051a3eb	005193f0	data
0051a3f1	005193f0	data
0051a3f7	005193f0	data
0051a3fd	005193f0	data
0051a416	005193f0	data
0051a459	005193f0	data
0051a45f	005193f0	data
0051a465	005193f0	data
0051a46b	005193f0	data
0051a471	005193f0	data
0051a477	005193f0	data
0051a47d	005193f0	data
0051a483	005193f0	data
0051a489	005193f0	data
0051a48f	005193f0	data
0051a495	005193f0	data
0051a49b	005193f0	data
0051a4a1	005193f0	data
0051a4a7	005193f0	data
0051a4ad	005193f0	data
0051a4b3	005193f0	data
0051a4b9	005193f0	data
0051a4bf	005193f0	data
0051a4c5	005193f0	data
0051a4cb	005193f0	data
0051a4d1	005193f0	data
0051a4d7	005193f0	data
0051a4dd	005193f0	data
0051a4e3	005193f0	data
0051a4e9	005193f0	data
0051a4ef	005193f0	data
0051a4f5	005193f0	data
0051a4fb	005193f0	data
0051a501	005193f0	data
0051a507	005193f0	data
0051a50d	005193f0	data
0051a513	005193f0	data
0051a519	005193f0	data
0051a542	005193f0	data
0051a548	005193f0	data
0051a54e	005193f0	data
0051a554	005193f0	data
0051a55a	005193f0	data
0051a560	005193f0	data
0051a566	005193f0	data
0051a56c	005193f0	data
0051a572	005193f0	data
0051a578	005193f0	data
0051a57e	005193f0	data
0051a584	005193f0	data
0051a58a	005193f0	data
0051a590	005193f0	data
0051a596	005193f0	data
0051a59c	005193f0	data
0051a5a2	005193f0	data
0051a5a8	005193f0	data
0051a5ae	005193f0	data
0051a5b4	005193f0	data
0051a5ba	005193f0	data
0051a5c0	005193f0	data
0051a5c6	005193f0	data
0051a5cc	005193f0	data
0051a5d2	005193f0	data
0051a5d8	005193f0	data
0051a5de	005193f0	data
0051a5e4	005193f0	data
0051a5ea	005193f0	data
0051a5f0	005193f0	data
0051a5f6	005193f0	data
0051a62a	005193f0	data
0051a630	005193f0	data
0051a636	005193f0	data
0051a63c	005193f0	data
0051a642	005193f0	data
0051a648	005193f0	data
0051a64e	005193f0	data
0051a654	005193f0	data
0051a65a	005193f0	data
0051a660	005193f0	data
0051a666	005193f0	data
0051a66c	005193f0	data
0051a672	005193f0	data
0051a678	005193f0	data
0051a67e	005193f0	data
0051a684	005193f0	data
0051a68a	005193f0	data
0051a690	005193f0	data
0051a696	005193f0	data
0051a69c	005193f0	data
0051a6a2	005193f0	data
0051a6a8	005193f0	data
0051a6c0	005193f0	data
0051a6c6	005193f0	data
0051a6cc	005193f0	data
0051a6d2	005193f0	data
0051a6d8	005193f0	data
0051a6de	005193f0	data
0051a6e4	005193f0	data
0051a6ea	005193f0	data
0051a6f0	005193f0	data
0051a6f6	005193f0	data
0051a6fc	005193f0	data
0051a702	005193f0	data
0051a708	005193f0	data
0051a70e	005193f0	data
0051a714	005193f0	data
0051a71a	005193f0	data
0051a720	005193f0	data
0051a726	005193f0	data
0051a72c	005193f0	data
0051a732	005193f0	data
0051b75a	0051b700	data
0051b761	0051b700	data
0051b76a	0051b700	data
0051b77b	0051b700	data
0051b798	0051b700	data
0051b9ed	0051b700	data
0051ba61	0051b700	data
0051bad5	0051b700	data
0051bb16	0051b700	data
0051bb1d	0051b700	data
0051bb24	0051b700	data
0051bb87	0051b700	data
0051bbea	0051b700	data
0051bc28	0051b700	data
0051bcbd	0051b700	data
0051bd52	0051b700	data
0051ca27	0051ca00	data
0051cab1	0051ca00	data
0051cb20	0051ca00	data
0051cb7d	0051ca00	data
0051cc26	0051ca00	data
0051cc3c	0051ca00	data
0051ccbf	0051ca00	data
0051cd42	0051ca00	data
0051cdc5	0051ca00	data
0051ce35	0051ca00	data
0051cebe	0051ca00	data
0051d232	0051cf80	data
0051d243	0051cf80	data
0051d254	0051cf80	data
0051d265	0051cf80	data
0051d276	0051cf80	data
0051d28f	0051cf80	data
0051f330	0051f320	data
0051f5af	0051f540	data
0051f5cd	0051f540	data
0051f5eb	0051f540	data
005219b1	00521990	data
005219d0	00521990	data
005219f0	00521990	data
00521a10	00521990	data
00521a30	00521990	data
005233bf	00523380	data
005233e0	00523380	data
00523401	00523380	data
0052347a	00523380	data
00523533	00523380	data
005235ab	00523380	data
005235c9	00523380	data
0052364e	00523380	data
005367ee	00536710	data
00536ae8	00536710	data
0053bf89	0053bf60	data
0053bf96	0053bf60	data
0053bfa3	0053bf60	data
0053bfb0	0053bf60	data
0053bfc4	0053bf60	data
0053e473	0053e370	data
0053e4a2	0053e370	data
0053e4d1	0053e370	data
0053e5bb	0053e370	data
0053e5ef	0053e370	data
0053e64c	0053e370	data
0053ed1f	0053e370	data
0053fbc6	0053fa50	data
0053fbea	0053fa50	data
0053fc0e	0053fa50	data
0053fc32	0053fa50	data
0053fd0a	0053fa50	data
00540939	00540910	data
005409bf	00540910	data
00540a47	00540910	data
00540a94	00540910	data
00540ab2	00540910	data
00540ad0	00540910	data
00540aee	00540910	data
00540b6d	00540910	data
00540ce6	00540910	data
00549357	005492d0	data
0054936f	005492d0	data
0054ae33	0054ab20	data
0054ae3f	0054ab20	data
0054ae4d	0054ab20	data
0054ae59	0054ab20	data
0054ae63	0054ab20	data
0054b26b	0054b030	data
0054b277	0054b030	data
0054b285	0054b030	data
0054b291	0054b030	data
0054b29b	0054b030	data
0054b939	0054b4e0	data
0054b945	0054b4e0	data
0054b953	0054b4e0	data
0054b95f	0054b4e0	data
0054b969	0054b4e0	data
0054e3d6	0054e3a0	data
0054e3fa	0054e3a0	data
0054e41e	0054e3a0	data
0054e50e	0054e3a0	data
0054e5a0	0054e3a0	data
0054ec02	0054eb90	data
0054ec45	0054eb90	data
0054ec71	0054eb90	data
0054ec9d	0054eb90	data
0054eccd	0054eb90	data
0054ecfd	0054eb90	data
0054ed26	0054eb90	data
0054ed4f	0054eb90	data
0054eff5	0054ee50	data
0054f012	0054ee50	data
0054f062	0054ee50	data
0054f0b6	0054ee50	data
0054f106	0054ee50	data
0054f15a	0054ee50	data
0054f1aa	0054ee50	data
0054f1eb	0054ee50	data
0054f24c	0054ee50	data
0054f358	0054f290	data
0054f366	0054f290	data
0054f374	0054f290	data
0054f382	0054f290	data
0054f419	0054f290	data
0054f424	0054f290	data
0054f42f	0054f290	data
0054f43a	0054f290	data
0054f449	0054f290	data
00558a37	00558a10	data
00558a58	00558a10	data
00558b06	00558a10	data
00558b24	00558a10	data
00558b44	00558a10	data
00558b5f	00558a10	data
00558b83	00558a10	data
00558ba3	00558a10	data
00558bc6	00558a10	data
00558be9	00558a10	data
00558bf2	00558a10	data
00558c28	00558a10	data
00558c49	00558a10	data
00558c6a	00558a10	data
00558c97	00558a10	data
00558cb2	00558a10	data
00558ccd	00558a10	data
00558cee	00558a10	data
00558d6d	00558a10	data
00558d8d	00558a10	data
00558dae	00558a10	data
00558dc9	00558a10	data
00558de4	00558a10	data
00558e05	00558a10	data
00558e26	00558a10	data
00558e47	00558a10	data
00558e70	00558a10	data
00558ed0	00558a10	data
00558ef5	00558a10	data
00558f18	00558a10	data
00558f3b	00558a10	data
00558faa	00558a10	data
00559059	00558a10	data
005590cf	00558a10	data
00559114	00558a10	data
005591ad	00558a10	data
005591c3	00558a10	data
00559c66	00559c40	data
00559d05	00559c40	data
00559d9f	00559c40	data
00559db3	00559c40	data
00559df0	00559c40	data
00559e0f	00559c40	data
00559e2e	00559c40	data
00559e4d	00559c40	data
00559e5f	00559c40	data
0055b038	0055b010	data
0055b047	0055b010	data
0055b079	0055b010	data
0055b0b5	0055b010	data
0055b166	0055b010	data
0055b192	0055b010	data
0055b19c	0055b010	data
0055b1b6	0055b010	data
0055b1c8	0055b010	data
0055c289	0055bfd0	data
0055c49a	0055bfd0	data
0055c537	0055bfd0	data
0055c54d	0055bfd0	data
0055c563	0055bfd0	data
0055c58c	0055bfd0	data
0055c5b5	0055bfd0	data
0055c5f5	0055bfd0	data
0055c610	0055bfd0	data
0055c62c	0055bfd0	data
0055c75f	0055bfd0	data
0055c9a7	0055c980	data
0055c9ca	0055c980	data
0055c9e7	0055c980	data
0055c9fd	0055c980	data
0055cb63	0055c980	data
0055cbc9	0055c980	data
0055cbdb	0055c980	data
0055cd7d	0055cd40	data
0055cd9f	0055cd40	data
0055cdc2	0055cd40	data
0055cde7	0055cd40	data
0055cdec	0055cd40	data
0055cedb	0055ce60	data
0055cefd	0055ce60	data
0055cf20	0055ce60	data
0055cf3f	0055ce60	data
0055cfb4	0055ce60	data
0055cfc4	0055ce60	data
0055cfe5	0055ce60	data
0055d004	0055ce60	data
0055d02c	0055ce60	data
0055d04c	0055ce60	data
0055d076	0055ce60	data
0055d0a2	0055ce60	data
0055d0cc	0055ce60	data
0055d141	0055ce60	data
0055d15b	0055ce60	data
0055d190	0055ce60	data
0055d1c0	0055ce60	data
0055d1e7	0055ce60	data
0055d217	0055ce60	data
0055d245	0055ce60	data
0055f414	0055f3f0	data
0055f430	0055f3f0	data
0055f433	0055f3f0	data
0055f44e	0055f3f0	data
0055f464	0055f3f0	data
0055f48d	0055f3f0	data
00561f88	00561f30	data
00561fd8	00561f30	data
00561fe3	00561f30	data
00561fe7	00561f30	data
00561ff0	00561f30	data
00562003	00561f30	data
005626c8	005626a0	data
0056274e	005626a0	data
00562776	005626a0	data
0056279e	005626a0	data
005627c6	005626a0	data
005627ee	005626a0	data
00562816	005626a0	data
0056283e	005626a0	data
00562872	005626a0	data
00562898	005626a0	data
005628c2	005626a0	data
005628ec	005626a0	data
00562939	005626a0	data
00562966	005626a0	data
005629a4	005626a0	data
00562a0a	005626a0	data
00562a30	005626a0	data
00562a3f	005626a0	data
00562a7c	005626a0	data
00562ae1	005626a0	data
00562afa	005626a0	data
00562b30	005626a0	data
00562b95	005626a0	data
00562bb0	005626a0	data
00562bcb	005626a0	data
00562be7	005626a0	data
00562ef1	00562ed0	data
00562f90	00562ed0	data
0056304c	00562ed0	data
00563060	00562ed0	data
00563072	00562ed0	data
00563978	00563950	data
005639eb	00563950	data
00563abc	00563950	data
00563ada	00563950	data
00563ae8	00563950	data
00563b0c	00563950	data
00564d71	00564c70	data
00564e10	00564c70	data
00564e2a	00564c70	data
00564e34	00564c70	data
00564e5e	00564c70	data
00564e92	00564c70	data
00564fb3	00564ee0	data
00564ff4	00564ee0	data
00564ffe	00564ee0	data
0056500e	00564ee0	data
00565020	00564ee0	data
0056984c	00569830	data
00569853	00569830	data
0056985a	00569830	data
00569861	00569830	data
00569f70	00569f30	data
00569f93	00569f30	data
00569fb9	00569f30	data
0056a04a	00569f30	data
0056a06f	00569f30	data
0056a09e	00569f30	data
0056a0c2	00569f30	data
0056a0f3	00569f30	data
0056a133	00569f30	data
0056a996	0056a970	data
0056a9ed	0056a970	data
0056aa16	0056a970	data
0056aa30	0056a970	data
0056aa6c	0056a970	data
0056aa72	0056a970	data
0056aab0	0056a970	data
0056f4dc	0056f496	data
0056f53e	0056f496	data
0056f542	0056f496	data
0056f546	0056f496	data
0056f54a	0056f496	data
0056f54e	0056f496	data
0056f551	0056f496	data
0056f555	0056f496	data
0056f667	0056f623	data
0056f6c9	0056f623	data
0056f6cc	0056f623	data
0056f6cf	0056f623	data
0056f6d3	0056f623	data
0056f6d6	0056f623	data
0056f6d9	0056f623	data
0056f6dd	0056f623	data
00571380	0057133a	branch
00571386	0057133a	data
0057365c	0057354d	data
00573665	0057354d	data
0057366e	0057354d	data
00573677	0057354d	data
00573680	0057354d	data
00573689	0057354d	data
00573692	0057354d	data
005736ec	0057354d	data
0057a441	0057a3f8	data
0057a468	0057a3f8	data
0057a492	0057a3f8	data
0057a4bc	0057a3f8	data
0057a4e6	0057a3f8	data
0057a510	0057a3f8	data
0057a53a	0057a3f8	data
0057a564	0057a3f8	data
0057a58e	0057a3f8	data
0057a5b8	0057a3f8	data
0057a5e2	0057a3f8	data
0057a60c	0057a3f8	data
0057a636	0057a3f8	data
0057ab08	0057a3f8	data
0057d06b	0057d043	data
0057d0be	0057d043	data
0057d0cf	0057d043	data
0057d107	0057d043	data
0057d155	0057d043	data
0057d185	0057d043	data
0057d1d1	0057d043	data
0057d234	0057d043	data
0057d2d7	0057d043	data
0057d364	0057d043	data
0057d37e	0057d043	data
0057d3e5	0057d043	data
0057d434	0057d043	data
0057d4e6	0057d043	data
0057d55b	0057d043	data
0057d578	0057d043	data
0057d5c4	0057d043	data
0057d618	0057d043	data
0057d661	0057d043	data
0057d6a1	0057d043	data
0057d6ce	0057d043	data
0057d726	0057d043	data
0057d777	0057d043	data
0057d7a0	0057d043	data
0057d7c4	0057d043	data
0057d7e2	0057d043	data
0057d805	0057d043	data
0057d81f	0057d043	data
0057d838	0057d043	data
0057d84b	0057d043	data
0057d86e	0057d043	data
0057dac9	0057d97a	data
0057dad0	0057d97a	data
0057dad7	0057d97a	data
0057dadd	0057d97a	data
0057dae4	0057d97a	data
0057daeb	0057d97a	data
0057daf2	0057d97a	data
0057daf9	0057d97a	data
0057db00	0057d97a	data
0057db07	0057d97a	data
0057db0e	0057d97a	data
0057db15	0057d97a	data
0057db1c	0057d97a	data
0057db23	0057d97a	data
0057db2a	0057d97a	data
0057db31	0057d97a	data
0057db38	0057d97a	data
0057db3c	0057d97a	data
0057db40	0057d97a	data
0057db44	0057d97a	data
0057db48	0057d97a	data
0057db4c	0057d97a	data
0057db50	0057d97a	data
0057db54	0057d97a	data
0057db58	0057d97a	data
0057db5c	0057d97a	data
0057db60	0057d97a	data
0057db64	0057d97a	data
0057db68	0057d97a	data
0057db6c	0057d97a	data
0057db70	0057d97a	data
0057db74	0057d97a	data
0057db78	0057d97a	data
0057db7c	0057d97a	data
0057db80	0057d97a	data
0057db84	0057d97a	data
0057db88	0057d97a	data
0057db8c	0057d97a	data
0057db90	0057d97a	data
0057db94	0057d97a	data
0057db98	0057d97a	data
0057db9c	0057d97a	data
0057dba0	0057d97a	data
0057dba4	0057d97a	data
0057dba8	0057d97a	data
0057dbac	0057d97a	data
0057dbb0	0057d97a	data
0057dbb4	0057d97a	data
0057dbb8	0057d97a	data
00589bf9	00589bb7	data
00589c4b	00589bb7	data
00589c4f	00589bb7	data
00589c53	00589bb7	data
00589c64	00589bb7	data
00589c68	00589bb7	data
00589c79	00589bb7	data
00589c8a	00589bb7	data
00589d80	00589d3f	data
00589dd5	00589d3f	data
00589de9	00589d3f	data
00589dfd	00589d3f	data
00589e1c	00589d3f	data
00589e2d	00589d3f	data
00589e4c	00589d3f	data
00589e6b	00589d3f	data
00589fa2	00589f65	data
00589fae	00589f65	data
00589fb1	00589f65	data
00589fb4	00589f65	data
00589fb8	00589f65	data
00589fbb	00589f65	data
00589fbe	00589f65	data
00589fc2	00589f65	data
0058c7c8	0058c6d0	data
0058c7dc	0058c6d0	data
0058c7ef	0058c6d0	data
0058c839	0058c6d0	data
0058c895	0058c6d0	data
0058c920	0058c6d0	data
00590320	00590310	data
00590327	00590310	data
0059032e	00590310	data
00590335	00590310	data
005908e5	005908c0	data
00590943	005908c0	data
005909f7	005908c0	data
00590aba	005908c0	data
00590b4a	005908c0	data
00591139	005910f0	data
00591149	005910f0	data
0059115a	005910f0	data
00591177	005910f0	data
0059374c	00593740	data
0059374f	00593740	data
00593755	00593740	data
0059375b	00593740	data
00593761	00593740	data
00593767	00593740	data
005956b9	00595650	data
00595706	00595650	data
0059574f	00595650	data
005957a0	00595650	data
005957c7	00595650	data
005957e4	00595650	data
00595a54	00595a40	data
00595a8e	00595a40	data
00595aa8	00595a40	data
00595ad7	00595a40	data
00595b01	00595a40	data
00595b15	00595a40	data
00595b33	00595a40	data
00595e24	00595e10	data
00595e72	00595e10	data
00595eb7	00595e10	data
00595ed9	00595e10	data
00595efd	00595e10	data
00595f31	00595e10	data
00595f4f	00595e10	data
0059700f	00596fd0	data
00597021	00596fd0	data
00597033	00596fd0	data
00597049	00596fd0	data
0059705e	00596fd0	data
00597077	00596fd0	data
00598683	00598630	data
0059868d	00598630	data
00598693	00598630	data
00598697	00598630	data
0059869e	00598630	data
005986aa	00598630	data
005986b1	00598630	data
005986b8	00598630	data
005986c4	00598630	data
005986cb	00598630	data
005986d2	00598630	data
005986d9	00598630	data
005986e5	00598630	data
005986f1	00598630	data
005986fa	00598630	data
00598701	00598630	data
00598763	00598630	data
00598882	00598860	data
00598888	00598860	data
005988ab	00598860	data
005988b2	00598860	data
005988b9	00598860	data
005988c0	00598860	data
005988c7	00598860	data
005988cc	00598860	data
0059b2f4	0059b2e0	data
0059b308	0059b2e0	data
0059b31c	0059b2e0	data
0059b32e	0059b2e0	data
0059b352	0059b2e0	data
0059b36e	0059b2e0	data
0059b382	0059b2e0	data
0059b39f	0059b2e0	data
0059b3d3	0059b2e0	data
0059b3e8	0059b2e0	data
0059b405	0059b2e0	data
0059b44d	0059b2e0	data
0059b4a5	0059b2e0	data
0059b4ad	0059b2e0	data
0059b4da	0059b2e0	data
0059b515	0059b2e0	data
0059b52a	0059b2e0	data
0059b547	0059b2e0	data
0059b58d	0059b2e0	data
0059b5b9	0059b2e0	data
0059b60c	0059b2e0	data
0059b66c	0059b2e0	data
0059b677	0059b2e0	data
0059b868	0059b790	data
0059b8a2	0059b790	data
0059b8d5	0059b790	data
0059b8f5	0059b790	data
0059b935	0059b790	data
0059b957	0059b790	data
0059b97a	0059b790	data
0059b9a9	0059b790	data
0059baeb	0059b790	data
0059bb07	0059b790	data
0059bb4d	0059b790	data
0059bb71	0059b790	data
0059bc2f	0059b790	data
0059bd12	0059b790	data
0059bd36	0059b790	data
0059bd97	0059b790	data
0059be3d	0059b790	data
0059be61	0059b790	data
0059bf1d	0059b790	data
0059bf40	0059b790	data
0059c050	0059b790	data
0059c180	0059b790	data
0059c23a	0059c220	data
0059c24e	0059c220	data
0059c262	0059c220	data
0059c27e	0059c220	data
0059c29e	0059c220	data
0059c2c2	0059c220	data
0059c2da	0059c220	data
0059c2ee	0059c220	data
0059c312	0059c220	data
0059c343	0059c220	data
0059c35f	0059c220	data
0059c38b	0059c220	data
0059c3ab	0059c220	data
0059c3d3	0059c220	data
005a29f0	005a1ff0	branch
005a2120	005a20b0	data
005a214c	005a20b0	data
005a2170	005a20b0	data
005a21b0	005a20b0	data
005a21b8	005a20b0	data
005a21c0	005a20b0	data
005a21c8	005a20b0	data
005a21d0	005a20b0	data
005a21d8	005a20b0	data
005a21e0	005a20b0	data
005a21f3	005a20b0	data
005a220c	005a20b0	data
005a2214	005a20b0	data
005a2220	005a20b0	data
005a2234	005a20b0	data
005a22ac	005a20b0	data
005a22d0	005a20b0	data
005a22f8	005a20b0	data
005a234c	005a20b0	data
005a2354	005a20b0	data
005a235c	005a20b0	data
005a2364	005a20b0	data
005a236c	005a20b0	data
005a2374	005a20b0	data
005a237c	005a20b0	data
005a238f	005a20b0	data
005a23a8	005a20b0	data
005a23b0	005a20b0	data
005a23c0	005a20b0	data
005a23d4	005a20b0	data
005a2a06	005a2a00	branch
005a4150	005a4146	branch
005a7586	005a7584	branch
005a75bf	005a75bd	data
005a7640	005a7639	branch
005a7800	005a77f7	branch
005aa2ca	005aa249	data
005aa2e7	005aa249	data
005aa333	005aa249	data
005aa36e	005aa249	data
005aa377	005aa249	data
005aa3af	005aa249	data
005aa448	005aa249	data
005aa481	005aa249	data
005aaa50	005aa9e0	data
005aaa7c	005aa9e0	data
005aaaa0	005aa9e0	data
005aaae0	005aa9e0	data
005aaae8	005aa9e0	data
005aaaf0	005aa9e0	data
005aaaf8	005aa9e0	data
005aab00	005aa9e0	data
005aab08	005aa9e0	data
005aab10	005aa9e0	data
005aab23	005aa9e0	data
005aab3c	005aa9e0	data
005aab44	005aa9e0	data
005aab50	005aa9e0	data
005aab64	005aa9e0	data
005aabdc	005aa9e0	data
005aac00	005aa9e0	data
005aac28	005aa9e0	data
005aac7c	005aa9e0	data
005aac84	005aa9e0	data
005aac8c	005aa9e0	data
005aac94	005aa9e0	data
005aac9c	005aa9e0	data
005aaca4	005aa9e0	data
005aacac	005aa9e0	data
005aacbf	005aa9e0	data
005aacd8	005aa9e0	data
005aace0	005aa9e0	data
005aacf0	005aa9e0	data
005aad04	005aa9e0	data
005a757a	005ab881	branch
005ac425	005ac3c0	branch
005b1322	005b12b5	data
005b1375	005b12b5	data
005b13d6	005b12b5	data
005b1401	005b12b5	data
005b143c	005b12b5	data
005b1494	005b12b5	data
005b14b4	005b12b5	data
005b14ec	005b12b5	data
005b1541	005b12b5	data
005b155e	005b12b5	data
005b158e	005b12b5	data
005b15a6	005b12b5	data
005b34c1	005b34a0	data
005b34db	005b34a0	data
005b34fd	005b34a0	data
005b3505	005b34a0	data
005b3511	005b34a0	data
005b4405	005b46a0	data
005b442d	005b46a0	data
005b4496	005b46a0	data
005b44fc	005b46a0	data
005b4583	005b46a0	data
005b4607	005b46a0	data
005b46af	005b46a0	data
005b46b9	005b46a0	data
005b46c3	005b46a0	data
005b46cd	005b46a0	data
005b46d7	005b46a0	data
005b626e	005b6220	data
005b6281	005b6220	data
005b6296	005b6220	data
005b62ae	005b6220	data
005b62c6	005b6220	data
005b62de	005b6220	data
005b6303	005b6220	data
005b631c	005b6220	data
005b6336	005b6220	data
005b634f	005b6220	data
005b6371	005b6220	data
005b638f	005b6220	data
005b63ba	005b6220	data
005b63d4	005b6220	data
005b63f9	005b6220	data
005b6415	005b6220	data
005b7663	005b74a0	data
005b7668	005b74a0	data
005b7671	005b74a0	data
005bb273	005bb220	data
005bb286	005bb220	data
005bb296	005bb220	data
005bb2a6	005bb220	data
005bb2fb	005bb220	data
005bc50e	005bc4e0	data
005bc51f	005bc4e0	data
005bc527	005bc4e0	data
005c3383	005c3350	data
005c3394	005c3350	data
005c339c	005c3350	data
005c33cd	005c3350	data
005c3422	005c3350	data
005c3453	005c3350	data
005c349c	005c3350	data
005c34c7	005c3350	data
