function	start	bytes	lengths
	10701000	5	
10701000	10701010	11	
	10701020	13	
	10701030	8	
	10701040	6	
	10701050	3	
	10701060	66	
	107010b0	96	
	10701110	84	
	10701170	61	
	107011b0	45	
	107011e0	116	
	10701260	101	
	107012d0	227	
	107013c0	62	
	10701400	89	
	10701460	317	
	107015a0	328	
	107016f0	141	
	10701780	52	
	107017c0	159	
	10701860	63	
	107018a0	93	
	10701900	174	
	107019b0	62	
	107019f0	46	
	10701a20	103	
	10701a90	152	
	10701b30	55	
	10701b70	135	
	10701c00	58	
	10701c40	58	
	10701c80	49	
	10701cc0	57	
	10701d00	87	
	10701d60	133	
	10701df0	122	
	10701e70	32	
	10701e90	177	
	10701f50	251	
	10702050	267	
	10702160	199	
	10702230	386	
	107023c0	630	
	10702640	338	
	107027a0	90	
	10702800	429	
	107029b0	144	
	10702a40	123	
	10702ac0	620	
	10702d30	679	
	10702fe0	323	
	10703130	299	
	10703260	73	
	107032b0	225	
	107033a0	47	
	107033d0	287	
	107034f0	173	
	107035a0	94	
	10703600	210	
	107036e0	48	
	10703710	1	
	10703720	6	
	10703730	695	
	107039f0	359	
	10703b60	55	
	10703ba0	12	
	10703bb0	5	
	10703bc0	11	
	10703bd0	40	
	10703c00	171	
	10703cb0	17	
	10703cd0	5	
	10703ce0	11	
	10703cf0	45	
	10703d1d	17	
	10703d2e	17	
	10703d3f	15	
	10703d4e	165	
	10703df3	9	
	10703dfc	9	
	10703e05	26	
	10703e1f	117	
	10703e94	312	
	10703fcc	47	
	10703ffb	46	
	10704029	92	
	10704085	9	
	1070408e	164	
	10704132	60	
	1070416e	168	
	10704216	20	
	1070422a	47	
	10704259	35	
	1070427c	47	
	107042ab	35	
	107042ce	18	
	107042e0	44	
	1070430c	78	
	1070435a	49	
	1070438b	19	
	1070439e	49	
	107043cf	76	
	1070441b	59	
	10704456	27	
	10704471	250	
	1070456b	1007	
	1070495a	39	
	10704981	111	
	107049f0	73	
	10704a39	719	
	10704d08	352	
	10704e68	220	
	10704f44	46	
	10704f72	22	
	10704f88	647	
	1070520f	33	
	10705230	428	
	107053dc	320	
	1070551c	164	
107055d0	107055c0	5	
	107055d0	188	
	1070568c	111	
	107056fb	203	
	107057c6	111	
	10705835	204	
	10705901	72	
	10705949	47	
	10705978	232	
	10705a60	98	
	10705ac2	100	
	10705b26	34	
	10705b48	353	
	10705ca9	44	
	10705cd5	141	
	10705d62	82	
	10705dc0	56	
	10705df8	23	
	10705e0f	1	
	10705e10	56	
	10705e48	13	
	10705e55	34	
	10705e80	254	
	10705f7e	217	
	10706057	157	
	107060f4	48	
	10706124	3	
	10706127	41	
	10706150	108	
	107061bc	97	
	1070621d	21	
	10706232	329	
	1070637b	27	
	10706396	60	
	107063d2	117	
	10706447	62	
	10706485	43	
	107064b0	811	
	107067db	777	
	10706ae4	177	
	10706b95	251	
	10706c90	758	
	10706f90	91	
10706f90	10706fec	7	
10706f90	10707000	41	
10706f90	1070702c	35	
10706f90	10707050	25	
10706f90	1070708c	74	
10706f90	107070e8	7	
10706f90	107070f0	11	
10706f90	107070fc	17	
10706f90	10707110	23	
10706f90	10707128	38	
10706f90	10707150	9	
10706f90	1070715c	31	
10706f90	10707188	29	
10706f90	107071a8	39	
10706f90	107071d0	49	
10706f90	10707224	74	
10706f90	10707280	7	
10706f90	10707288	13	
10706f90	10707298	19	
10706f90	107072ac	25	
	107072c5	220	
	107073a1	147	
	10707434	101	
	10707499	395	
	10707624	141	
	107076b1	42	
	107076db	1825	
	10707e1c	53	
	10707e51	49	
	10707e82	56	
	10707eba	13	
	10707ec7	16	
	10707ed7	14	
	10707ee5	444	
	107080a1	84	
	107080f5	141	
	10708182	129	
	10708203	368	
	10708373	200	
	1070843b	93	
	10708498	131	
	1070851b	43	
	10708550	7	
	10708560	224	
	10708640	123	
	107086c0	208	
	10708790	266	
	1070889a	194	
	1070895c	139	
	107089f0	67	
107089f0	10708a34	6	
107089f0	10708a3c	56	
	10708a74	125	
	10708af1	84	
	10708b45	30	
	10708b63	19	
	10708b76	103	
	10708bdd	160	
	10708c7d	548	
	10708ea1	280	
	10708fb9	101	
	1070901e	473	
	107091f7	101	
	1070925c	115	
	107092cf	115	
	10709342	9	
	1070934b	9	
	10709354	18	
	10709366	62	
	107093a4	41	
	107093cd	90	
	10709427	78	
	10709475	24	
	1070948d	62	
	107094cb	97	
	1070952c	194	
	107095ee	85	
	10709643	167	
	107096ea	147	
	1070977d	81	
	107097ce	37	
	107097f3	185	
	107098ac	153	
	10709945	436	
	10709af9	306	
	10709c2b	57	
	10709c64	339	
	10709dc0	88	
	10709e18	32	
	10709e38	34	
	10709e5a	104	
	10709ec2	35	
10709eee	10709ee5	33	
	10709f10	189	
	10709fcd	27	
	10709ff0	47	
	1070a020	91	
1070a020	1070a07c	7	
1070a020	1070a090	41	
1070a020	1070a0bc	35	
1070a020	1070a0e0	25	
1070a020	1070a11c	74	
1070a020	1070a178	7	
1070a020	1070a180	11	
1070a020	1070a18c	17	
1070a020	1070a1a0	23	
1070a020	1070a1b8	38	
1070a020	1070a1e0	9	
1070a020	1070a1ec	31	
1070a020	1070a218	29	
1070a020	1070a238	39	
1070a020	1070a260	49	
1070a020	1070a2b4	74	
1070a020	1070a310	7	
1070a020	1070a318	13	
1070a020	1070a328	19	
1070a020	1070a33c	25	
	1070a355	68	
	1070a399	291	
	1070a4bc	124	
	1070a538	127	
	1070a5b7	66	
	1070a5f9	95	
	1070a658	34	
	1070a67a	41	
	1070a6a3	89	
	1070a6fc	105	
	1070a770	104	
	1070a7e0	117	
	1070a855	719	
	1070ab30	62	
	1070ab70	58	
	1070abb0	52	
	1070abe4	63	
	1070ac23	110	
	1070ac91	53	
	1070acc6	22	
	1070acdc	146	
	1070ad6e	137	
	1070adf7	73	
	1070ae40	86	
	1070ae96	140	
	1070af22	27	
	1070af3d	12	
	1070af49	27	
	1070af64	141	
	1070aff1	364	
	1070b15d	22	
	1070b173	22	
	1070b189	45	
	1070b1b6	45	
	1070b1e3	119	
	1070b25a	92	
	1070b2b6	182	
	1070b36c	9	
	1070b375	429	
	1070b522	74	
	1070b56c	51	
	1070b59f	41	
	1070b5c8	389	
	1070b74d	28	
	1070b769	137	
	1070b7f2	293	
	1070b920	257	
	1070ba21	637	
	1070bc9e	43	
	1070bcc9	391	
	1070be50	88	
	1070bea8	103	
	1070bf0f	33	
	1070bf30	94	
	1070bf8e	46	
	1070bfbc	45	
	1070bfe9	199	
	1070c0b0	1185	
	1070c581	659	
	1070c814	97	
	1070c875	151	
	1070c90c	43	
	1070c937	544	
	1070cb57	124	
	1070cbe0	6	
